transaction_id,property_id,customer_id,agent_id,date_id
1,4324,1542,166,4219
2,2955,2779,308,8145
3,339,2637,1838,4176
4,4906,103,609,4740
5,3478,202,28,2518
6,1067,1464,1247,8552
7,3670,1344,1392,6804
8,56,1407,1848,2877
9,3657,304,1804,2150
10,2884,1080,831,3408
11,3656,266,1895,693
12,4597,1666,1121,3513
13,4118,2494,1639,4808
14,4965,1337,626,2593
15,2100,1567,875,6876
16,3526,2050,73,7522
17,2470,2384,1699,7377
18,3476,2013,738,204
19,1112,2555,130,1070
20,1394,1759,1322,291
21,211,2962,1941,1552
22,2221,355,1736,309
23,4302,2467,318,8668
24,4449,1008,500,6413
25,3516,2291,42,4332
26,298,1186,1302,4708
27,3932,510,671,6141
28,339,201,1022,2014
29,338,1689,310,6279
30,3991,2174,1948,3781
31,3209,2345,694,7991
32,1582,2116,1145,2553
33,1779,444,597,4550
34,4025,1399,883,4452
35,256,1612,240,1342
36,2346,2716,252,7472
37,2349,54,1620,1197
38,4235,1499,1336,2325
39,1591,759,891,4770
40,4341,446,1263,3119
41,239,2323,327,5859
42,4513,2704,449,6994
43,24,758,335,8322
44,3910,890,462,6939
45,1362,1630,568,622
46,860,1507,895,3233
47,2711,495,1701,2569
48,4712,2618,1811,8052
49,871,2236,777,5002
50,4374,164,131,5524
51,3127,2626,899,4768
52,2569,188,1846,7020
53,642,2131,784,7389
54,3427,2502,1911,3611
55,534,1455,1739,1147
56,4543,459,245,2742
57,600,1646,1391,6156
58,2443,1092,925,969
59,952,505,968,3005
60,4606,1508,970,7570
61,4652,627,642,4917
62,1079,2265,1624,1343
63,2541,2170,1880,7019
64,3177,2025,1234,4464
65,2234,556,1112,6787
66,3584,667,147,341
67,2729,2841,1077,3892
68,262,1176,1921,7107
69,48,1405,1981,2747
70,1757,2483,1048,4682
71,82,1253,676,5762
72,4700,1019,1450,2697
73,3073,790,711,8004
74,3423,1023,1542,3367
75,2830,957,1371,7217
76,2739,1919,812,769
77,3475,1224,1979,7561
78,2568,207,642,1907
79,1647,2481,978,5385
80,1585,2052,1088,3594
81,3105,1917,750,2527
82,2361,1939,11,1873
83,2653,2223,1713,558
84,4587,2136,1491,7540
85,488,701,287,7925
86,640,2284,1011,5948
87,3579,2687,1454,1039
88,372,1836,392,6265
89,4076,1394,1927,6703
90,4675,1707,1064,3417
91,1499,1007,494,7355
92,3351,1922,1420,7533
93,1958,2793,669,1979
94,4719,2204,918,3118
95,3833,1749,1553,2112
96,3752,2329,95,1798
97,4754,1991,1101,2559
98,608,2283,133,7153
99,4766,574,1486,295
100,4539,2734,24,5628
101,2588,2061,1949,7283
102,102,974,1939,5471
103,2222,2187,57,3745
104,4405,1940,218,8289
105,4381,328,1904,7350
106,191,2466,371,825
107,4183,2464,63,4635
108,4816,2608,1385,4155
109,4365,1864,1983,6540
110,3692,1828,507,5491
111,2710,1658,635,7577
112,3623,2975,331,8140
113,1851,99,745,3704
114,4776,1757,1229,2186
115,4454,1017,1196,8040
116,3269,1734,1081,2400
117,4252,1311,1980,7437
118,4874,2873,60,2301
119,3226,788,24,6930
120,1757,2752,1751,119
121,4692,291,1191,1215
122,4373,1069,273,5596
123,2374,1897,421,2691
124,1422,1808,958,7190
125,4410,1216,468,1678
126,3092,581,1719,7567
127,4029,1964,1937,8182
128,183,1024,726,5529
129,279,1907,709,7766
130,3560,810,326,2760
131,824,2439,1902,3334
132,142,228,1771,4162
133,1239,1245,1882,1696
134,4798,2145,1467,4933
135,745,865,713,4649
136,125,1910,1067,4789
137,2304,1825,266,5107
138,2802,448,1797,4207
139,4792,661,1690,567
140,2649,809,1463,4553
141,4976,743,1817,3698
142,4465,1544,602,7953
143,2210,954,109,8385
144,520,1459,512,1636
145,4977,2697,1455,2120
146,428,408,427,2369
147,396,2654,172,2277
148,1292,2282,1378,8557
149,2201,683,393,3697
150,89,1183,293,323
151,1976,2808,1111,1628
152,720,1394,128,3036
153,4544,1888,42,7952
154,3869,510,1132,8689
155,1692,1571,1686,1091
156,3346,2804,1954,3810
157,95,1993,1994,2740
158,2971,1258,84,6927
159,1045,902,971,3873
160,293,1272,1978,872
161,3242,1235,1897,3987
162,3562,955,1900,1702
163,4125,1716,1251,2667
164,3841,2361,486,3352
165,2708,386,341,1134
166,2726,354,805,7619
167,3887,936,1340,2320
168,1248,732,1862,6603
169,2766,40,1513,2884
170,2725,2691,42,5454
171,663,724,382,5277
172,4633,2958,1269,5614
173,2474,2460,306,570
174,2890,111,895,5354
175,500,2576,353,2896
176,3575,2072,686,1754
177,2643,1657,1545,7492
178,4859,672,176,6057
179,1425,1488,1506,391
180,1285,861,803,3176
181,3995,2407,1574,3628
182,4092,910,1350,1671
183,583,733,487,7243
184,1132,1000,1607,5518
185,4310,2133,900,5813
186,564,533,1559,7811
187,83,1950,272,589
188,2696,926,1529,2859
189,4555,2720,229,2242
190,4217,499,1264,1860
191,3598,80,75,1298
192,405,1578,731,1950
193,508,2987,945,7385
194,939,661,418,7812
195,4795,136,1232,1615
196,4545,980,1652,700
197,221,653,1294,2155
198,2516,529,561,1385
199,4277,1884,990,7227
200,3176,2721,866,8379
201,3931,2459,610,4121
202,4351,2787,1445,391
203,2949,1984,729,2232
204,4365,458,1828,996
205,2038,2578,555,2985
206,1117,173,1595,381
207,1734,490,1219,7661
208,288,1717,1932,3432
209,610,846,114,2665
210,1526,49,235,3875
211,3558,1169,936,4336
212,3217,1637,732,5405
213,956,1722,338,69
214,2068,239,1971,7011
215,660,1227,548,7651
216,2044,1520,1955,7372
217,682,53,55,5000
218,4450,590,1483,6245
219,2612,684,1731,2739
220,4490,2432,115,5771
221,1858,45,440,7717
222,4706,627,1262,5280
223,1584,889,742,1783
224,96,512,1044,8128
225,1369,2335,496,7680
226,1547,2763,1258,6721
227,4313,2367,266,3336
228,1773,1814,493,422
229,2175,1292,1220,6658
230,3768,2449,1902,2324
231,4868,2921,481,2643
232,721,850,263,3522
233,1343,18,1122,2560
234,292,899,1986,7387
235,2943,2280,713,4698
236,2282,2253,1189,8326
237,571,641,295,1235
238,3371,1456,1762,7453
239,1255,501,446,3063
240,824,1584,1795,2561
241,1633,809,1412,2204
242,2535,1294,1364,362
243,4526,227,131,2528
244,1137,2821,91,8643
245,2488,1175,486,6752
246,3481,2832,1321,3806
247,3747,141,654,6430
248,4007,1591,1735,3761
249,2655,211,970,5564
250,2560,1960,549,2076
251,4733,455,1643,8552
252,3514,2499,74,4348
253,4490,178,1626,3742
254,2721,2464,1027,7435
255,4312,1939,234,573
256,4803,971,862,4295
257,4505,2552,16,7935
258,4203,2121,62,7962
259,1535,2145,1018,3443
260,2066,740,474,5676
261,3583,2740,1130,4172
262,1553,1617,1994,8663
263,2224,1066,2,7192
264,4761,100,218,7068
265,1877,587,991,4499
266,2608,2931,192,6649
267,2287,1314,1691,7052
268,2147,306,1723,8313
269,2953,978,1212,7368
270,1274,321,1824,5587
271,659,526,1087,5053
272,3922,535,967,5408
273,4620,1954,1543,357
274,2408,1374,283,3802
275,4246,731,1504,8128
276,2782,2612,652,7316
277,4412,2912,1609,2094
278,2498,1533,1653,3152
279,3265,2284,85,8254
280,826,2011,271,7751
281,1020,1989,1885,6935
282,3859,2996,54,8586
283,1660,76,413,1317
284,736,2034,1285,3785
285,4665,1020,788,6415
286,1686,2520,1712,839
287,4248,1424,989,4121
288,2942,2915,1284,6636
289,2199,1338,1122,2296
290,873,2420,1569,1542
291,204,1175,385,8703
292,4719,2686,559,6508
293,4658,1945,1483,1291
294,3324,939,487,4167
295,2303,1087,1233,7452
296,40,1065,570,8560
297,2985,2196,1042,1602
298,1035,2709,246,3288
299,1833,1786,780,6844
300,1774,1386,505,521
301,42,2207,1263,4749
302,2407,1425,276,4504
303,844,2125,432,3116
304,2641,8,754,7459
305,2908,1794,820,5458
306,1867,1951,1935,4320
307,2396,1571,544,4267
308,3535,1385,674,6613
309,1911,1999,526,4640
310,1296,2636,1247,3484
311,4884,473,183,1592
312,3310,2110,1518,293
313,708,2555,1207,7539
314,3111,2964,733,48
315,4437,2776,309,846
316,2783,1105,1296,5022
317,1222,432,1656,867
318,1768,1713,1447,3466
319,3411,599,1945,967
320,1385,118,541,345
321,1411,2163,1950,8558
322,4751,419,1323,4480
323,403,576,1560,3831
324,1306,157,1312,713
325,1318,2254,726,793
326,846,2736,1348,3181
327,4117,1105,1462,518
328,982,75,1593,6204
329,691,2659,87,356
330,3121,2630,1063,7523
331,3320,791,143,8491
332,4181,2681,116,7067
333,3283,810,1541,2709
334,2334,387,700,1379
335,4974,2543,274,8467
336,265,3,1126,880
337,2937,2622,1151,5994
338,1570,2934,1434,2960
339,2787,2947,1475,3638
340,1300,1268,1332,3868
341,698,1759,1461,2532
342,2369,1004,2,5349
343,4940,2932,620,1831
344,3716,224,722,3281
345,1557,11,952,3503
346,4058,807,1129,1104
347,936,872,936,2305
348,2194,832,1044,7518
349,4471,365,1715,2164
350,4194,709,377,6563
351,4436,2392,1187,1122
352,2569,134,976,4692
353,2712,1150,351,3318
354,332,2798,1865,3758
355,2262,1394,1372,6227
356,791,157,1950,2671
357,2431,956,650,318
358,2696,2607,813,8162
359,4626,2455,1271,2913
360,737,1993,792,4744
361,1223,2459,1997,4182
362,4067,470,1636,1466
363,2584,569,1818,8179
364,4275,1264,1056,6274
365,283,517,60,4433
366,3574,72,1850,4234
367,1291,483,1642,5849
368,2879,2142,1283,8585
369,3306,1412,1290,507
370,579,2897,141,6249
371,1233,2389,519,5309
372,715,600,258,358
373,3983,1225,633,8188
374,3548,2518,562,4805
375,2048,370,1098,6284
376,1097,1167,1626,2279
377,3977,561,432,5136
378,3622,2613,704,7608
379,3904,325,426,2740
380,3203,1438,1654,5099
381,2638,2347,438,7221
382,2274,1324,1726,4546
383,2874,686,260,557
384,1254,1881,208,1040
385,1642,2802,1800,81
386,2107,2426,1622,4919
387,573,983,690,1703
388,488,2469,24,2001
389,507,1596,30,89
390,3596,802,1915,1968
391,2358,1169,147,1436
392,1850,1130,1504,7339
393,4201,2375,155,5495
394,667,1640,1137,5583
395,1404,937,314,3165
396,2953,2047,221,4984
397,1600,1350,674,8458
398,3075,2452,56,8356
399,358,837,521,6915
400,121,1454,255,1401
401,26,1017,80,7676
402,4522,758,1803,6888
403,3752,225,1293,4739
404,572,1947,223,5990
405,3071,1668,1387,2595
406,4187,1400,502,4082
407,2404,1910,1621,4758
408,2937,2269,1937,4166
409,229,1278,213,189
410,4131,836,1867,3703
411,687,1189,1580,2889
412,693,2436,1761,7214
413,4831,473,38,8599
414,2025,1780,1558,5221
415,443,1710,1093,4305
416,1177,140,1240,6796
417,2395,812,1957,3835
418,899,998,1493,3465
419,600,47,1586,1743
420,2046,634,816,2501
421,3705,2027,1297,1889
422,1734,1385,334,4966
423,1830,1361,482,2384
424,2314,1019,1118,1998
425,4751,2624,1341,4018
426,998,1582,1219,3327
427,1181,1910,1508,4490
428,4567,1486,166,7828
429,2875,1596,1664,6170
430,3634,232,1899,1771
431,1346,40,1722,5087
432,3600,2747,642,3932
433,1113,1344,237,2579
434,2423,2187,22,4183
435,4285,1609,144,4774
436,4622,744,1224,3157
437,3706,2978,1740,6519
438,1841,1035,1014,6751
439,802,2558,332,3949
440,1430,1007,1722,5705
441,281,2383,578,4311
442,950,222,1432,6152
443,2892,1709,1988,4018
444,4552,2679,1657,3047
445,3498,639,1885,2868
446,4642,2435,684,3097
447,3078,2993,1128,2051
448,1322,2381,183,4040
449,3890,2483,627,1614
450,3884,1540,216,2668
451,4320,1402,1941,3754
452,3962,128,1992,1518
453,2498,369,1390,3442
454,715,2781,834,1057
455,2548,303,715,6903
456,2885,1727,1199,3212
457,199,117,1482,6896
458,294,2076,951,2705
459,684,2215,1801,4167
460,4793,2181,1848,2572
461,2194,129,1824,2877
462,4644,1045,325,7038
463,4166,2610,1633,3689
464,964,2344,139,5479
465,2397,1578,859,1325
466,3352,149,153,5029
467,3709,775,1473,3201
468,3110,236,431,4998
469,1342,1719,1461,5
470,2200,907,605,6475
471,20,2980,1892,3647
472,3655,1848,575,3228
473,2556,2826,1471,650
474,2485,1377,937,4882
475,921,695,1233,8372
476,3255,371,1696,8587
477,1175,1265,41,8747
478,3380,1543,1998,2605
479,4559,2008,1066,5136
480,698,2487,1536,2759
481,142,128,1852,2113
482,14,331,262,3913
483,3821,2693,952,4686
484,1852,2152,1007,8595
485,1283,178,489,3107
486,3147,337,1371,7721
487,2883,490,315,5130
488,1297,2470,1980,286
489,873,1429,452,3436
490,510,1526,1256,7476
491,3968,1736,1082,223
492,4412,753,1163,8576
493,2332,1969,1217,7110
494,4530,1348,167,7570
495,4660,2998,1722,5548
496,4415,548,557,2373
497,3853,2565,716,7007
498,2148,274,523,285
499,2434,1549,1846,7274
500,878,211,1093,1580
501,677,1835,1816,7716
502,140,1845,281,1973
503,4218,1125,1674,1086
504,1879,1257,1541,2435
505,1667,1195,1542,2608
506,3316,655,1123,1022
507,3697,2554,14,1189
508,3392,1017,1990,1648
509,3926,2624,323,8493
510,2557,189,1333,1551
511,1345,2125,763,3790
512,2178,360,1940,410
513,10,844,1158,4475
514,4432,1532,1937,1161
515,3352,1374,65,2870
516,1738,2097,1461,7845
517,3146,2802,916,3354
518,4532,323,868,5757
519,1046,2373,1429,3764
520,2047,1936,394,5956
521,4678,306,1489,2389
522,2629,2342,1607,946
523,2084,1098,1886,7706
524,3623,453,754,1405
525,1724,1925,812,1856
526,1408,2770,1171,8048
527,3574,466,1934,4979
528,1922,2145,344,3854
529,3660,2925,165,3027
530,2685,2057,1056,6497
531,745,1424,822,3972
532,1702,3,1171,6421
533,973,2607,517,3419
534,3860,1273,1367,7916
535,909,693,201,4153
536,3323,225,1478,4182
537,3487,1354,1429,5195
538,2026,2771,1841,340
539,925,1376,214,1783
540,1438,2686,705,6164
541,1395,2659,995,2734
542,1281,1437,554,3715
543,4846,473,976,1623
544,4645,1887,1991,6086
545,3550,1595,1619,2260
546,4314,2134,1286,8646
547,2770,2851,211,960
548,4087,862,1037,4012
549,2515,47,1994,6213
550,120,2660,1046,2152
551,2866,2078,585,4115
552,135,2727,1701,1814
553,1665,367,946,4867
554,201,1641,1292,5884
555,906,2433,869,4071
556,4212,1415,1878,8613
557,3895,1901,49,8012
558,3611,2926,1591,7080
559,1319,2128,1530,605
560,4284,2367,956,2464
561,2356,2899,843,992
562,3202,637,1567,4525
563,3974,294,1690,2312
564,1852,2254,890,8715
565,3138,178,1844,7421
566,3634,2089,1022,1976
567,2023,2326,513,3644
568,2447,2866,1317,8464
569,4865,1572,1088,5592
570,2503,890,1936,6743
571,2770,2398,804,4363
572,3782,556,1545,3191
573,2683,2659,1925,1772
574,4366,10,589,2791
575,4509,1666,660,5591
576,2588,613,40,1562
577,2964,961,980,1145
578,2311,864,986,7947
579,2012,713,397,4604
580,4124,2468,371,8245
581,1933,1310,179,3779
582,1879,1281,439,1057
583,4766,2431,747,1872
584,4315,1842,816,6322
585,737,2148,1914,697
586,672,867,679,1852
587,1416,2981,1553,6878
588,175,337,374,892
589,529,513,1282,337
590,1210,1662,1462,2489
591,2251,2683,1679,8487
592,2467,993,250,3969
593,2794,2907,1133,1951
594,4255,1014,804,6126
595,3758,1249,185,4244
596,4943,317,1993,2038
597,4772,1629,981,6848
598,2814,2336,640,1782
599,1923,518,1810,7758
600,1261,1007,1727,8617
601,590,2084,1594,698
602,432,1282,1602,4005
603,1027,703,1323,1374
604,412,2553,117,8199
605,1209,1119,1269,6020
606,169,2198,813,8159
607,1626,2765,1692,4146
608,4581,1608,455,2019
609,525,825,167,5459
610,911,1471,643,4196
611,3959,1960,1778,2743
612,2512,1458,320,1521
613,1357,2435,1171,6044
614,3824,2056,794,2666
615,3385,816,876,7928
616,4,2095,959,1820
617,1201,1891,70,3085
618,2834,2162,1348,4193
619,3870,1248,684,4338
620,1307,346,936,962
621,3285,2537,1034,6853
622,1309,97,1555,5111
623,4864,2744,1587,5528
624,548,52,1716,6564
625,3126,626,667,300
626,3992,632,823,490
627,3248,1997,1422,5430
628,3485,2857,238,6420
629,1674,300,404,3182
630,667,1102,1881,1372
631,2201,2691,617,4879
632,3388,1032,1438,7893
633,1462,2173,1961,5944
634,1383,2083,1352,1468
635,2875,1140,362,2269
636,582,1042,1633,4685
637,3018,2289,1178,3714
638,2043,650,1521,310
639,1832,189,1819,2587
640,4484,246,1972,5723
641,344,178,918,5915
642,3735,1340,1409,2800
643,4409,466,1996,2103
644,88,124,1313,1090
645,3968,713,1679,202
646,3566,2350,728,5228
647,2577,2773,68,1161
648,4849,2949,1013,7993
649,130,85,769,676
650,1112,2305,262,6620
651,2347,2364,1053,7159
652,4507,1557,1352,6165
653,3084,2095,1561,5620
654,2285,1802,934,2621
655,1474,1947,1469,7113
656,2322,1663,1134,2552
657,1745,2411,527,2710
658,2294,1630,1493,5137
659,3953,453,794,3769
660,373,885,1116,4349
661,3933,162,1088,156
662,2538,1809,132,4310
663,4114,238,378,1480
664,528,1013,475,5036
665,4163,368,1107,4979
666,4654,350,1635,1385
667,64,1793,1094,8165
668,1689,15,1127,699
669,4660,1705,278,5305
670,3222,1186,934,3904
671,300,1295,385,805
672,1299,1610,698,7988
673,2193,2842,892,4958
674,4099,1166,895,2399
675,4462,2495,1473,6638
676,937,1775,1657,2120
677,1908,1868,1941,7840
678,828,160,915,7338
679,4191,1126,238,6259
680,1927,1435,1616,8213
681,1047,401,406,4203
682,3981,1575,787,7932
683,1224,1657,238,1844
684,4998,2687,1794,2386
685,1937,1211,105,2614
686,3005,1379,1004,7795
687,1178,2584,335,6944
688,1854,2061,1213,6551
689,2913,1984,1669,4518
690,1603,899,1058,7929
691,3842,1904,1212,2436
692,634,2996,1385,761
693,1297,2852,1193,5584
694,586,1594,1801,335
695,4973,1445,230,1087
696,4620,2565,255,507
697,4477,2914,654,2094
698,1939,2251,1546,4670
699,4650,1910,38,5416
700,421,813,378,5026
701,1283,713,740,3022
702,3375,660,1836,7585
703,2392,2993,1671,2214
704,3400,1732,139,6641
705,3782,2850,985,5269
706,1792,2910,507,5870
707,1388,2342,320,1847
708,301,1458,1929,2643
709,3536,1548,946,1474
710,3040,2639,1590,8220
711,2156,2831,583,5252
712,4591,1306,1077,1166
713,131,1716,71,2200
714,4936,340,1161,136
715,3949,1316,33,5147
716,983,1586,608,309
717,722,1378,1752,2072
718,360,2053,771,8725
719,472,600,691,2233
720,2540,711,427,2670
721,4303,2544,1693,8555
722,2966,2614,1557,6841
723,1470,695,1012,5950
724,455,2648,1851,4073
725,2309,1212,1116,4463
726,4212,964,1723,1370
727,4379,2272,1763,8679
728,4387,1385,1790,294
729,2498,414,1225,4667
730,2279,2462,1833,8237
731,473,2300,763,5907
732,1997,726,11,3074
733,1204,28,921,2035
734,1652,2175,1156,2703
735,1505,675,1103,4450
736,4878,2043,551,4614
737,766,37,663,7596
738,3129,1281,1805,2671
739,1385,2595,200,2104
740,2299,2919,1411,494
741,3656,1943,343,7222
742,2137,2250,884,7471
743,4189,2935,174,1908
744,2160,575,1191,5779
745,1960,2372,454,6374
746,3160,2787,218,8232
747,1834,1154,1281,1034
748,154,809,443,4541
749,480,2132,189,1094
750,958,1828,1743,2719
751,2976,1620,711,6460
752,4307,2858,420,8485
753,2781,2008,506,8159
754,1351,2565,820,453
755,1067,2834,1241,5888
756,3174,232,1034,1781
757,294,2723,1769,4413
758,1619,2909,580,1239
759,1452,2207,562,2509
760,4228,1812,1930,696
761,4550,2058,1126,1575
762,3904,543,627,8317
763,471,1355,195,6180
764,925,1745,445,1679
765,3348,387,1988,6935
766,4727,851,1295,1614
767,1423,2829,1121,8326
768,1455,2792,1646,4750
769,295,1707,1392,2488
770,619,2858,693,6242
771,3093,2679,611,5007
772,1479,428,205,580
773,3803,962,738,5581
774,4310,1164,1088,6620
775,3215,662,1083,4109
776,226,2908,435,4442
777,3438,1692,1507,3841
778,2916,21,721,1642
779,3779,432,1110,3603
780,1206,2633,342,5225
781,2885,2717,509,274
782,317,2581,369,6397
783,3301,2839,613,1546
784,4734,567,1980,4464
785,960,1212,924,6595
786,1473,855,195,565
787,4185,2032,1479,6523
788,3302,598,260,7341
789,787,2339,1963,910
790,3917,1137,33,5327
791,2807,252,1190,2855
792,1959,311,480,7474
793,692,994,1200,2999
794,3855,858,1453,1160
795,3011,1965,635,8449
796,1998,2829,1768,1207
797,3796,1277,1033,8067
798,2514,1984,439,4227
799,928,1165,112,8736
800,4297,2248,565,919
801,3836,1866,1885,4616
802,4791,893,906,5910
803,2970,1420,108,4179
804,3084,560,218,5595
805,675,28,296,973
806,1172,1754,1279,2016
807,3238,426,989,1223
808,1100,849,440,6409
809,3096,1848,1063,8059
810,471,1820,1951,382
811,3736,250,823,3369
812,4514,340,1729,3979
813,1672,1682,1388,8563
814,3503,2062,629,8360
815,1336,1189,1116,2102
816,3547,1784,314,2895
817,1858,2107,1812,4510
818,2089,1272,867,2738
819,3666,2457,1555,7688
820,2033,2156,1939,1364
821,3482,1429,1801,8627
822,489,450,209,3337
823,709,1689,1966,7943
824,3984,1571,157,7324
825,3520,1703,137,3278
826,218,2437,1345,5010
827,4866,1987,1257,7369
828,820,1619,860,2080
829,3558,2045,505,3790
830,580,2833,628,2339
831,3491,1557,1819,802
832,1800,2152,945,3783
833,62,402,121,7739
834,3341,1986,274,4549
835,1815,1731,1361,5236
836,4672,1136,437,13
837,4999,2658,1131,3650
838,1626,201,163,4697
839,4677,1418,906,7666
840,4614,2391,185,5178
841,631,2067,726,3490
842,1095,1828,1065,990
843,3722,2793,914,7011
844,3147,1729,377,7052
845,4648,1694,1228,3777
846,1228,462,543,131
847,3518,1457,375,1284
848,695,1546,68,4934
849,4875,2607,1660,1970
850,76,2075,1968,4925
851,4348,2465,210,8605
852,1603,991,1833,4822
853,487,2200,1581,7183
854,1771,2283,491,3127
855,1030,460,1113,2790
856,4159,2358,372,2380
857,4803,920,1952,1030
858,393,871,683,1275
859,3595,242,1987,7882
860,4674,241,1541,3475
861,2017,328,1503,3635
862,932,1487,569,3835
863,1684,1595,1015,5482
864,1565,1855,1979,1849
865,2452,2773,1299,735
866,3423,2164,573,4225
867,3870,1104,1855,5177
868,3565,2454,830,1403
869,4076,1534,25,4525
870,4391,2946,1598,2741
871,1695,1731,1053,6195
872,2320,2083,1561,305
873,4623,546,345,7863
874,810,793,239,6300
875,2334,540,1389,7130
876,2170,1655,1837,61
877,1153,246,1571,4150
878,4037,2438,1746,3698
879,3550,1163,320,4624
880,1167,587,1573,4250
881,388,1185,338,4220
882,4193,2729,1547,3737
883,1635,739,1464,4602
884,3840,2627,1540,18
885,515,314,90,1741
886,4346,412,18,287
887,4326,2415,1616,8089
888,724,1666,1686,8571
889,1979,162,1232,8309
890,2532,2981,183,5578
891,3371,2825,571,8704
892,1963,2167,1867,408
893,662,2896,246,3459
894,883,1005,1468,1851
895,1759,1568,606,7707
896,4118,2499,1707,4724
897,3424,1114,93,2547
898,4569,1383,274,3211
899,2751,2408,234,1617
900,76,204,249,7260
901,4271,1909,1911,71
902,1722,2581,622,2399
903,2274,2552,253,8021
904,1195,1156,1046,7376
905,4609,399,839,3064
906,4293,496,1950,978
907,3671,2660,1255,4631
908,1904,279,1170,4022
909,2274,1876,1102,4055
910,2966,2348,1310,4491
911,4881,642,1704,2394
912,2442,154,1098,6201
913,4163,366,1756,6394
914,4118,1386,461,4040
915,1640,1635,1371,4708
916,3953,897,263,3676
917,1822,2245,712,970
918,1409,2507,1315,8450
919,3611,373,1013,5674
920,1415,2852,1389,7427
921,1143,2163,1298,136
922,2464,722,895,6230
923,1493,2656,712,7249
924,2155,2065,387,2165
925,2703,496,175,4702
926,4179,2119,1577,6985
927,2669,1295,541,8056
928,4352,79,1803,2754
929,2184,1976,1362,6964
930,4224,1326,975,3935
931,510,478,804,4054
932,17,2133,1713,2635
933,907,2438,1768,1871
934,1857,2234,1410,1463
935,4687,1011,848,2586
936,4612,2392,411,4487
937,46,237,159,5897
938,1068,172,1813,5881
939,4809,2738,707,5653
940,836,793,1292,1773
941,3302,1697,366,6398
942,3211,2916,1738,3328
943,2152,2609,111,5033
944,2692,2575,846,2321
945,1237,2367,746,1534
946,4714,2512,1974,3124
947,1929,917,1509,742
948,1763,1097,821,8522
949,986,2870,1392,1578
950,4429,482,1660,6655
951,1444,2930,374,2422
952,4857,84,210,2931
953,3427,2668,1858,2153
954,3142,679,684,4782
955,4552,2531,280,7434
956,1923,2725,126,8540
957,986,585,646,802
958,4627,551,59,4818
959,1590,685,985,2036
960,3258,857,1372,1525
961,1272,2836,1883,7216
962,277,2776,656,6842
963,3122,2126,287,3868
964,4494,898,1427,4415
965,4200,2879,398,4702
966,4108,1986,177,7029
967,3692,2357,617,3532
968,3652,737,629,2261
969,1472,557,1492,726
970,4496,2807,1026,3227
971,1584,2260,397,5081
972,3416,2382,1366,3173
973,288,2402,1350,7540
974,2003,1900,187,1523
975,2274,662,225,3260
976,313,785,1400,5865
977,4947,1880,1393,4239
978,1108,2218,629,8507
979,266,264,1863,4299
980,4108,2798,1500,2692
981,3900,527,109,3035
982,660,1885,325,6585
983,1574,829,467,4451
984,3010,466,1246,4357
985,253,296,139,7571
986,2110,2955,1095,1987
987,1793,2500,1984,7136
988,4558,265,707,6957
989,4005,955,98,4597
990,4259,1933,1710,3734
991,390,2680,696,18
992,1120,2560,317,4739
993,1853,712,1709,7719
994,673,46,362,3681
995,4550,1878,873,4564
996,455,71,531,1892
997,3076,2044,1036,4001
998,1057,2180,667,1316
999,572,298,1570,2374
1000,3273,242,1464,3198
1001,797,1523,1517,2927
1002,4007,2671,272,5027
1003,1597,1400,1580,4058
1004,2908,62,1810,4663
1005,3339,1021,836,2977
1006,3113,2245,1580,3607
1007,2994,1586,894,7288
1008,3243,615,1070,5211
1009,4963,2722,240,5702
1010,2618,7,1573,2307
1011,2449,962,1972,2070
1012,4561,871,1482,6720
1013,175,1479,131,5474
1014,4345,2719,950,4473
1015,3148,1453,1943,1202
1016,1987,1080,889,3597
1017,1335,1783,119,4366
1018,767,2134,578,1421
1019,435,2307,149,1834
1020,3997,1025,1575,336
1021,2928,980,1828,737
1022,3181,1251,1521,6334
1023,538,1129,1805,8117
1024,1417,2684,397,897
1025,286,2570,195,1584
1026,294,130,278,6369
1027,1820,628,601,983
1028,300,1434,208,8635
1029,1246,2398,1576,5313
1030,1388,1719,1059,566
1031,2520,496,615,2618
1032,1228,1395,318,560
1033,325,2418,913,7487
1034,3907,1353,17,6421
1035,4462,2121,1996,1548
1036,541,1733,1671,1424
1037,4076,26,293,7178
1038,230,752,1719,2521
1039,2578,2723,1290,7449
1040,3502,92,244,1069
1041,4721,285,307,2700
1042,4801,1588,1162,5486
1043,4366,378,647,2756
1044,1792,2384,1238,5489
1045,4715,103,1062,249
1046,4712,1127,241,1744
1047,2773,21,1152,7636
1048,4228,745,692,3935
1049,617,1828,747,7313
1050,436,2035,464,671
1051,2501,533,310,8204
1052,4065,1732,890,4922
1053,2673,2611,1118,5594
1054,492,1417,245,6321
1055,2659,27,550,1634
1056,1089,993,1962,1354
1057,3101,1896,472,3365
1058,3105,733,1002,7426
1059,2611,1784,311,7557
1060,3631,2715,1977,8404
1061,2593,1617,217,1285
1062,1601,2213,1961,3709
1063,228,1115,571,449
1064,484,202,72,4146
1065,1813,1914,1729,3322
1066,2017,2949,1481,8253
1067,2181,117,1559,3980
1068,4452,409,1349,7670
1069,423,2284,109,384
1070,2855,2378,819,2837
1071,637,923,66,7474
1072,2160,2406,933,4492
1073,1205,2808,1461,6755
1074,2718,21,588,6606
1075,4607,472,1968,2591
1076,84,2802,536,5949
1077,2664,633,655,1962
1078,3922,216,1071,372
1079,788,977,919,3969
1080,1245,225,1838,2641
1081,3256,1649,116,4262
1082,325,2233,1025,7421
1083,4990,1031,1906,3986
1084,427,1058,399,6473
1085,868,2415,312,3464
1086,3227,1533,1776,6512
1087,373,354,435,8705
1088,1876,2180,959,2340
1089,2018,199,1825,2274
1090,4550,2189,1829,5662
1091,4351,2115,485,4751
1092,2757,387,564,2429
1093,1070,1350,1243,6358
1094,999,1194,1852,6283
1095,3461,1935,830,5632
1096,3854,980,954,3436
1097,3712,1246,823,952
1098,2500,985,820,3400
1099,3455,1325,1265,4762
1100,313,1279,842,756
1101,1804,1083,1203,2862
1102,270,2987,762,4623
1103,1348,676,1305,5547
1104,4248,2768,1596,7030
1105,2151,195,1121,1866
1106,1039,2923,271,5384
1107,4307,2389,1484,5520
1108,3260,1772,1972,2388
1109,4616,2238,1250,2974
1110,1751,1115,1990,7436
1111,3099,2382,1319,635
1112,2993,1020,570,4725
1113,2821,1586,353,7870
1114,2,280,376,2612
1115,2268,699,1033,4638
1116,4123,897,1954,4299
1117,4857,1520,1001,7076
1118,1626,1732,1350,987
1119,2037,2463,709,8190
1120,719,2777,1612,1845
1121,1610,462,1904,982
1122,3423,824,525,6895
1123,4573,318,321,1251
1124,4509,1485,1568,5939
1125,3031,648,6,7952
1126,4502,2947,925,406
1127,1178,2741,1244,176
1128,3636,1484,1565,5109
1129,3203,2345,35,2189
1130,2604,876,337,3427
1131,916,878,1968,3024
1132,957,544,634,2909
1133,1553,1048,13,7100
1134,2603,1270,1188,3344
1135,4851,1013,1695,2173
1136,3485,1827,293,607
1137,3855,1855,786,1770
1138,3231,2351,376,4191
1139,3676,26,1454,7039
1140,4204,2077,1118,8213
1141,3198,280,484,6613
1142,390,2357,1287,6741
1143,4666,379,1464,2051
1144,4101,2592,25,3394
1145,2030,1446,1351,6100
1146,4936,2553,856,5724
1147,973,1071,1354,3129
1148,638,2086,1941,360
1149,493,1716,1782,8744
1150,4146,463,698,3650
1151,3764,935,1809,3385
1152,994,2645,184,6089
1153,4865,2399,418,2175
1154,4763,2653,331,2542
1155,2660,685,1149,4819
1156,536,2329,182,675
1157,1872,962,794,4317
1158,862,132,620,1322
1159,792,162,1822,5593
1160,2746,93,1451,1710
1161,2195,1091,1902,2075
1162,496,1852,828,3358
1163,3046,1923,360,2722
1164,2693,1550,34,6506
1165,4070,268,1733,3186
1166,1302,1120,1356,5722
1167,4767,2552,1442,6991
1168,4183,2840,1016,8189
1169,3783,162,583,7509
1170,1930,227,690,5856
1171,3710,2548,1115,7459
1172,3749,2072,1477,7522
1173,2224,2837,449,2887
1174,1407,1849,1217,582
1175,2958,1369,1764,4950
1176,1793,2941,1559,5794
1177,1721,2121,1724,3262
1178,2838,1645,1888,2908
1179,1957,1969,1766,6454
1180,4977,1733,172,7676
1181,2046,128,500,6166
1182,492,907,858,6955
1183,3449,147,1118,1964
1184,2647,1648,154,904
1185,1621,1208,37,4196
1186,4414,955,1995,259
1187,4552,1678,1446,958
1188,1589,638,1725,4973
1189,3893,1294,334,5325
1190,1780,1239,1622,7107
1191,3533,611,1041,8156
1192,280,1110,1633,6037
1193,3527,656,147,6007
1194,1585,1190,329,4775
1195,3424,1747,1524,4769
1196,4351,341,837,1160
1197,886,2581,100,6177
1198,88,2720,1780,3472
1199,1462,804,771,3234
1200,3756,357,1194,6513
1201,3422,694,1097,6615
1202,3413,1807,1507,3356
1203,3355,204,1744,1757
1204,1190,1381,1346,7783
1205,3497,1424,450,7643
1206,3193,2680,485,4191
1207,2020,707,1980,665
1208,1716,1830,1682,5567
1209,697,260,393,3647
1210,4891,1993,727,6356
1211,1445,986,1164,6815
1212,3998,2757,840,680
1213,1797,34,623,3964
1214,496,1293,1730,1073
1215,1617,618,514,4222
1216,1391,353,1563,1261
1217,691,229,711,7754
1218,1552,2223,175,1947
1219,4249,601,1787,1881
1220,756,728,1897,7994
1221,1002,12,1202,8758
1222,869,102,548,3737
1223,249,660,839,8585
1224,1876,1859,1975,6499
1225,2264,2955,906,6627
1226,220,1853,1697,7327
1227,298,2663,900,1467
1228,2006,1488,48,5714
1229,256,1213,1251,3975
1230,1461,124,536,5272
1231,1290,874,1950,6991
1232,1069,1535,1897,5675
1233,4732,1609,1552,6825
1234,2511,2465,1058,4156
1235,1312,2911,532,686
1236,935,2167,117,2569
1237,1846,2981,917,556
1238,2992,848,1934,4849
1239,2095,2279,804,6651
1240,752,728,860,5819
1241,4610,963,96,587
1242,717,2317,1370,8601
1243,635,952,1038,6872
1244,2299,1662,739,6126
1245,4233,862,1081,5917
1246,3552,2564,294,8643
1247,1986,1679,1735,2185
1248,4684,177,1843,5846
1249,2618,1140,1042,2491
1250,4620,653,278,7174
1251,2789,2852,1108,6096
1252,1362,1716,839,8703
1253,271,2326,37,8029
1254,3880,1607,1649,2974
1255,2175,2480,1518,428
1256,426,2644,1687,4406
1257,4030,469,1654,3645
1258,1180,2809,717,4383
1259,661,1359,869,3213
1260,1067,378,1861,7766
1261,2477,861,443,2950
1262,2151,1167,1191,5315
1263,4814,2449,1599,1
1264,413,2692,1662,7130
1265,3968,385,87,217
1266,4917,2305,1539,5241
1267,1126,2729,65,3986
1268,993,1554,1067,8077
1269,4789,1285,1927,8127
1270,4423,1784,462,7384
1271,1969,794,438,2154
1272,528,1681,1095,6170
1273,1361,992,1977,3357
1274,468,2000,346,432
1275,1051,2123,838,2574
1276,388,282,1356,6295
1277,2979,201,840,2178
1278,550,987,226,6854
1279,2954,1646,163,4007
1280,135,336,1320,7442
1281,3059,1664,120,885
1282,1485,978,865,1320
1283,1200,128,335,1345
1284,173,264,1210,1928
1285,1631,1764,1366,2969
1286,4660,1080,1685,4246
1287,370,1563,601,6215
1288,576,1699,44,6715
1289,1397,2028,1461,5240
1290,2562,2978,1918,6362
1291,1537,1030,1039,2320
1292,1106,1337,80,6410
1293,3351,2644,1235,1653
1294,2884,2108,43,4588
1295,4802,2717,1379,6131
1296,3120,1112,299,1285
1297,3698,75,246,6269
1298,4896,2730,1097,7308
1299,2803,2354,659,198
1300,2964,2397,1021,1737
1301,3771,1115,341,6346
1302,3777,1343,1035,4986
1303,2628,2594,1139,6539
1304,2044,2068,762,238
1305,736,1386,840,2549
1306,115,2833,1189,3258
1307,3672,1935,706,7512
1308,582,2793,265,6928
1309,1267,646,1880,3494
1310,552,661,1393,6970
1311,3432,810,1123,2578
1312,968,2674,1769,7901
1313,1356,380,1122,5138
1314,1821,365,946,2103
1315,218,2923,1510,7439
1316,2911,1711,75,2260
1317,1024,1073,1617,5720
1318,1013,1148,1756,1514
1319,4716,2416,306,352
1320,4337,659,674,3631
1321,1194,796,615,4670
1322,2279,2238,9,5721
1323,8,2112,520,6318
1324,2947,1339,237,2174
1325,1706,968,460,1156
1326,1151,1069,1363,8485
1327,1175,190,678,5016
1328,4420,2050,1642,8205
1329,1522,1528,1847,2888
1330,3663,2676,188,1082
1331,1191,1665,1616,3214
1332,3361,223,1858,1187
1333,3495,1007,232,2296
1334,993,2041,128,5701
1335,1331,2705,1690,7696
1336,2207,2124,473,3266
1337,2318,720,371,7364
1338,2930,1582,295,4901
1339,2708,494,511,1624
1340,97,59,96,5038
1341,953,2625,1653,986
1342,4124,137,466,4831
1343,184,376,723,5035
1344,2538,976,260,6821
1345,4391,2626,716,8175
1346,4890,518,1477,2780
1347,4058,575,365,1434
1348,2884,559,923,9
1349,562,1233,1801,8297
1350,3324,2857,1491,1362
1351,1376,1793,662,2733
1352,2515,2473,1610,3358
1353,3354,2968,759,3408
1354,102,1586,1263,1482
1355,232,1310,1519,4844
1356,1352,233,1464,7777
1357,2704,2573,422,5709
1358,2579,292,976,449
1359,3189,2771,6,2623
1360,179,2809,901,6845
1361,3992,94,41,3982
1362,2980,27,158,87
1363,1604,1375,1615,4337
1364,487,2339,750,224
1365,3268,679,478,5546
1366,169,396,310,8735
1367,4912,1224,362,2871
1368,2969,2471,1859,3092
1369,3009,2784,657,6528
1370,4734,826,77,3159
1371,1768,5,1124,7953
1372,2643,81,368,6664
1373,1328,2103,1944,3760
1374,2809,1786,1251,7108
1375,3165,1230,668,3802
1376,501,1600,1224,5248
1377,4554,639,1695,60
1378,3500,901,881,6093
1379,3260,1414,1336,7651
1380,3287,1880,848,2457
1381,2786,1497,1526,2125
1382,4845,49,1530,4235
1383,2555,1193,1343,2072
1384,1896,1202,224,7024
1385,3798,781,825,7441
1386,2403,2863,1625,7773
1387,921,907,783,5113
1388,3188,2324,463,7365
1389,4067,2985,245,915
1390,3680,923,156,36
1391,3835,756,698,2264
1392,1357,2218,816,7013
1393,4728,293,202,4376
1394,2926,2870,824,5782
1395,3323,1417,1034,648
1396,4499,896,1504,4831
1397,4670,135,165,4277
1398,4828,1259,26,5456
1399,4914,1904,1288,6850
1400,1046,2372,1817,2577
1401,671,1869,133,3464
1402,2205,2328,1790,4420
1403,1862,48,822,6806
1404,802,463,297,860
1405,257,573,558,4993
1406,4737,730,1881,2795
1407,4352,1566,209,2710
1408,4252,1753,855,5970
1409,1844,825,588,8123
1410,1864,1213,1242,1209
1411,1349,52,1829,5719
1412,1001,2769,903,2693
1413,3884,1542,632,2907
1414,3596,2797,1302,553
1415,2265,2236,222,6521
1416,2433,173,1022,6890
1417,978,2975,700,5379
1418,352,1807,852,8507
1419,2573,1857,1878,6575
1420,4902,2774,1692,3965
1421,4839,2253,1505,507
1422,4187,785,1452,3740
1423,2123,175,798,4300
1424,1586,1338,1262,6944
1425,1855,2291,392,420
1426,4936,1945,1844,703
1427,1215,61,992,1380
1428,3037,482,1364,180
1429,911,1192,483,1705
1430,4472,1675,1370,7855
1431,3835,968,470,1825
1432,2227,187,1589,6564
1433,397,2175,128,2309
1434,785,2223,1390,4254
1435,2018,294,1174,2136
1436,4780,1208,730,7360
1437,4002,2707,1001,6853
1438,3575,559,1775,3940
1439,4268,2368,1805,7781
1440,3947,2649,280,3155
1441,4283,1594,1964,456
1442,3582,2755,875,3945
1443,4528,2725,213,7892
1444,1332,1216,376,3324
1445,1001,431,1128,7104
1446,2189,1890,1112,7454
1447,4831,2255,358,7192
1448,38,2625,639,6615
1449,754,234,1101,1325
1450,1541,1316,762,1968
1451,1602,2400,467,3507
1452,229,2612,1228,8694
1453,2300,1361,491,1898
1454,4197,207,1110,7769
1455,1341,1768,445,917
1456,4516,1333,1074,3775
1457,357,1196,17,7731
1458,2294,1039,586,1054
1459,2069,1943,835,6363
1460,3597,2658,1731,2235
1461,1382,441,963,5714
1462,1566,247,1450,8032
1463,2862,1734,1525,2990
1464,4420,1684,711,5752
1465,3499,504,1187,5831
1466,2121,2693,73,5662
1467,4160,419,1881,5483
1468,1652,2226,1502,6256
1469,1589,884,415,3562
1470,959,2248,1041,7676
1471,2676,475,1686,2237
1472,2830,827,1618,568
1473,1927,893,1965,2218
1474,2303,888,866,132
1475,2002,501,543,5681
1476,1234,833,1920,5790
1477,257,224,247,7379
1478,1295,392,279,8715
1479,2534,1086,910,8116
1480,4818,1313,302,2460
1481,3866,2200,859,6000
1482,1328,837,849,29
1483,827,1839,433,6341
1484,1211,1372,247,894
1485,4328,1601,1331,8004
1486,4312,1919,804,4322
1487,3381,2155,1382,5640
1488,688,2062,448,897
1489,2465,17,1996,2400
1490,1742,1077,844,1431
1491,1968,546,262,7586
1492,4701,2672,1261,6896
1493,4877,1841,1048,4972
1494,4035,2889,1697,5577
1495,3677,2029,1222,8320
1496,597,1960,1101,5747
1497,3763,610,978,4917
1498,804,1572,1450,549
1499,680,2195,210,1329
1500,4741,2020,1409,6598
1501,3951,1383,1340,1029
1502,2759,1994,1122,3981
1503,4174,1039,1199,4420
1504,3274,365,1848,5052
1505,1331,1501,233,6601
1506,1352,1797,297,4375
1507,2866,1870,1180,212
1508,3089,1049,432,8470
1509,2166,2209,1954,7442
1510,957,100,1682,206
1511,4149,851,685,8592
1512,3865,343,1883,8442
1513,2441,322,1560,192
1514,336,2578,777,2016
1515,4980,541,173,1430
1516,2473,1465,115,6063
1517,4492,2762,830,7385
1518,1664,1223,1914,5065
1519,3348,1314,1446,1285
1520,2408,2209,389,7068
1521,2432,1364,670,5932
1522,1476,1976,1708,290
1523,2612,843,171,8147
1524,1774,518,121,810
1525,1696,1933,1986,749
1526,2753,2165,429,1224
1527,3691,199,982,1521
1528,3826,2148,1141,452
1529,1598,917,65,4065
1530,1188,2586,946,3654
1531,2725,803,737,2138
1532,4962,670,816,4052
1533,2682,2402,404,4306
1534,3147,2142,517,6937
1535,2903,681,660,2495
1536,4230,2666,332,1084
1537,1722,2508,1521,2785
1538,4406,920,408,7275
1539,3316,340,907,1603
1540,2369,6,1082,7912
1541,1521,2390,1426,3520
1542,2207,2595,409,7242
1543,1300,1039,1663,8440
1544,4177,504,163,893
1545,4607,1272,1463,7605
1546,1584,2497,147,7988
1547,2183,2306,1575,323
1548,2096,1238,994,1622
1549,3407,1481,513,6966
1550,1152,2027,39,333
1551,4648,1405,842,3617
1552,139,2257,815,4891
1553,2899,1094,1608,1703
1554,4664,1234,1050,7389
1555,429,2984,123,311
1556,3949,963,1145,2657
1557,4321,176,233,6717
1558,4444,1081,1686,8275
1559,1203,128,316,357
1560,3948,1591,587,6696
1561,1077,899,1454,7728
1562,2500,1673,1913,4889
1563,345,2091,1101,707
1564,2393,772,1116,1703
1565,514,2480,1652,6435
1566,4482,630,441,1812
1567,4292,760,1098,3852
1568,3501,2315,382,7616
1569,2451,1643,1810,1393
1570,4673,2109,750,8652
1571,4632,2894,258,7348
1572,2623,1205,1819,6161
1573,2399,84,599,3234
1574,1283,2145,1049,8207
1575,3588,717,1053,1309
1576,4960,2294,250,5130
1577,3853,8,686,6354
1578,1013,1305,379,2894
1579,3276,1494,1838,2849
1580,3114,819,1446,1854
1581,2974,804,1154,4812
1582,4705,1471,1732,1683
1583,539,1264,1031,6432
1584,203,974,431,2063
1585,1259,2034,1555,4489
1586,2273,2776,1144,999
1587,1242,162,77,5616
1588,4889,384,9,6913
1589,4101,1686,909,5198
1590,105,465,905,8261
1591,2321,603,1919,7445
1592,1871,1873,1164,4281
1593,3677,938,1537,3090
1594,933,2617,658,567
1595,4789,737,761,180
1596,2279,2232,1857,1528
1597,2344,1393,1938,7982
1598,2545,2088,215,1964
1599,1647,860,1099,1750
1600,4,324,1887,8709
1601,941,850,701,8729
1602,2191,2185,110,8502
1603,1717,1962,1042,7135
1604,1835,107,552,1917
1605,313,1527,1138,1290
1606,1659,2726,864,307
1607,4458,438,1415,5433
1608,780,2452,1851,7958
1609,3770,1206,1175,3043
1610,3654,1375,1562,5487
1611,4832,1328,1955,4167
1612,2709,2601,932,1448
1613,2178,1424,481,7288
1614,1209,1569,7,5489
1615,3095,1130,1090,5935
1616,4395,2586,1112,895
1617,1825,1376,1323,6516
1618,2699,1257,248,3857
1619,3466,1842,1077,3329
1620,4665,2610,1625,5660
1621,2210,190,1640,5527
1622,867,2992,878,7217
1623,3109,2025,1247,5774
1624,4618,113,767,7181
1625,3412,1053,1563,6429
1626,1202,1790,1820,6596
1627,833,1671,1561,5461
1628,3751,1046,13,5802
1629,3805,1144,1224,3186
1630,2107,720,1096,1836
1631,3930,1633,994,4875
1632,3430,546,1880,4274
1633,1548,2020,1638,4609
1634,4261,1070,613,1253
1635,3421,2955,1904,4043
1636,176,2733,307,407
1637,3205,243,439,5488
1638,3684,2192,1431,6615
1639,3041,2878,726,2338
1640,469,2193,1045,958
1641,3565,2204,477,3372
1642,720,1816,372,2172
1643,1255,333,157,430
1644,4277,248,1612,1626
1645,1567,516,1038,4874
1646,2280,2397,1660,2627
1647,1465,2547,1660,2735
1648,3122,2216,604,3396
1649,3941,988,375,3038
1650,2257,91,1360,6116
1651,1750,71,1313,1892
1652,2534,580,1965,7732
1653,2840,618,1524,6186
1654,3002,1291,466,2665
1655,1365,1350,860,2771
1656,1204,2936,1399,3795
1657,4813,1446,1431,8151
1658,2432,717,594,1779
1659,1361,1803,1814,3779
1660,3568,281,531,4923
1661,75,1988,1008,1208
1662,2718,743,1001,1187
1663,2647,2847,777,1117
1664,2115,327,1615,6985
1665,1125,2432,1891,87
1666,4204,363,762,3497
1667,1004,1352,81,2588
1668,3854,2043,1596,3766
1669,189,836,472,3372
1670,839,2538,1555,2833
1671,1960,917,1813,8685
1672,1786,2830,489,2768
1673,4082,154,463,4505
1674,3433,1158,667,8604
1675,2887,676,1386,4544
1676,632,1954,471,1312
1677,1792,1715,19,4180
1678,4766,441,257,1207
1679,4874,1856,713,7992
1680,3684,1083,382,86
1681,4341,637,620,7706
1682,1011,2586,1674,1611
1683,337,2913,482,2560
1684,672,2984,515,865
1685,2890,1416,448,5760
1686,2636,2444,1559,7568
1687,645,579,417,4746
1688,3864,1521,1951,2147
1689,2745,1839,310,8124
1690,3936,1039,1174,4202
1691,3022,1861,987,3612
1692,4154,784,226,4366
1693,3030,1381,1426,5752
1694,2388,584,1524,2346
1695,299,2542,1936,508
1696,32,1909,737,4883
1697,271,2346,815,4570
1698,4577,981,733,4707
1699,1203,696,1816,1081
1700,1798,881,529,1712
1701,1415,27,444,4396
1702,1216,2304,182,6897
1703,1172,2307,1371,667
1704,288,2504,853,2807
1705,2865,2818,1667,622
1706,4782,1960,1655,5508
1707,510,1516,1248,3380
1708,4853,1477,1484,7810
1709,163,825,1283,3177
1710,301,481,1657,4789
1711,4313,1568,138,1453
1712,4499,1692,1367,4717
1713,4202,2571,755,1142
1714,3047,64,1478,1257
1715,3713,2242,619,972
1716,180,2313,922,5298
1717,4403,1170,1875,8124
1718,2261,718,1407,7530
1719,308,1371,437,5914
1720,3984,1461,155,88
1721,2540,461,1773,8169
1722,678,2061,1051,2787
1723,2491,833,1372,8562
1724,2464,1494,637,6375
1725,1021,1841,327,6621
1726,2659,1093,1195,965
1727,2772,1000,1500,8357
1728,1031,473,1704,8024
1729,3002,474,683,7774
1730,420,2760,675,6311
1731,2516,1875,1577,6221
1732,321,185,1725,7113
1733,1012,2282,528,836
1734,2177,123,468,7463
1735,256,1842,570,1304
1736,3298,2419,712,3903
1737,332,2913,1774,8352
1738,4047,739,796,8012
1739,1393,1177,1235,7724
1740,1336,2898,1657,1425
1741,2843,2917,797,1062
1742,2593,1280,1631,8561
1743,1462,2518,1970,3329
1744,3510,1174,1195,321
1745,2800,2418,100,3098
1746,2961,2136,1637,5329
1747,1755,945,102,7491
1748,2080,734,481,5558
1749,1665,1154,657,2330
1750,1173,2468,648,2938
1751,1704,2754,1246,5317
1752,2746,483,1920,2970
1753,2104,2901,638,2978
1754,2265,983,679,2579
1755,3349,2889,969,495
1756,1941,1032,595,5809
1757,2180,556,1486,303
1758,2919,169,877,8579
1759,4361,609,1720,3671
1760,3113,2491,1221,459
1761,1189,2837,315,2563
1762,3022,1875,1412,1645
1763,1797,2579,1641,7384
1764,4169,1719,20,7171
1765,3939,2995,1282,803
1766,3739,924,535,8730
1767,3596,770,866,6095
1768,2885,2264,663,6870
1769,1182,55,1387,1635
1770,3349,1630,1144,6468
1771,2421,506,386,3068
1772,4352,2880,13,1147
1773,1613,1303,1608,7749
1774,1994,2086,1425,8270
1775,3587,1395,1125,3665
1776,2351,1127,640,3556
1777,1299,453,1268,6398
1778,1417,2536,1884,7640
1779,150,935,1375,3031
1780,472,2216,1228,2123
1781,4769,1321,379,1740
1782,4378,363,410,5325
1783,4820,1681,1745,8716
1784,3866,1519,1448,8284
1785,1553,290,284,2154
1786,114,727,1240,3679
1787,442,1236,1756,4597
1788,4954,2235,395,8651
1789,3241,250,1827,1932
1790,1643,1298,1018,7689
1791,4655,1556,1721,1172
1792,4148,1443,394,827
1793,2664,2209,1112,3751
1794,4200,2139,714,4278
1795,2999,2346,1983,3613
1796,3085,1464,306,5040
1797,874,1615,482,354
1798,3954,493,97,2245
1799,4906,32,1683,2517
1800,945,1315,1567,2649
1801,4708,367,1901,8408
1802,4399,1419,1553,6137
1803,4147,1539,1910,620
1804,3643,1970,91,8630
1805,2337,1982,1384,821
1806,4853,422,1619,7634
1807,2543,2992,1251,7838
1808,2222,1078,1949,7208
1809,1363,473,473,1875
1810,816,1732,894,6700
1811,4353,413,1365,954
1812,828,337,694,7688
1813,1030,1609,522,2712
1814,9,1057,1874,4046
1815,4405,2443,914,4590
1816,1799,2822,544,8472
1817,1149,1607,1155,44
1818,3632,2971,1170,6092
1819,3930,1293,432,8467
1820,3311,1233,607,8467
1821,2117,368,1258,2627
1822,2592,657,273,5583
1823,2699,1852,492,3703
1824,4164,1908,504,890
1825,2905,1586,1489,2064
1826,4253,2426,631,5014
1827,2568,1124,1771,7625
1828,149,2054,795,5201
1829,1897,2373,26,5285
1830,1600,2797,1204,5342
1831,1785,2696,570,5682
1832,171,2342,1480,6800
1833,4995,746,124,3714
1834,772,87,768,5865
1835,2758,235,923,4762
1836,1390,2577,1330,511
1837,1409,2812,736,7549
1838,2016,392,1524,830
1839,2651,513,31,1081
1840,2014,268,1425,2506
1841,3334,2710,1042,6249
1842,4470,2202,1482,453
1843,1470,1525,977,5920
1844,1788,251,949,3716
1845,4227,2916,1671,7887
1846,586,896,1202,8416
1847,1049,114,901,3774
1848,582,2351,892,5876
1849,2713,2936,21,1764
1850,1501,1847,1174,445
1851,3672,1731,878,3866
1852,4505,2997,653,8417
1853,2788,2022,1514,4148
1854,1617,1213,120,6252
1855,4689,2171,1405,7144
1856,577,1123,691,8623
1857,3868,2556,1812,8521
1858,317,1405,170,4695
1859,30,811,463,665
1860,1468,1880,1572,552
1861,3986,97,1261,4120
1862,4621,2982,176,5885
1863,442,1683,403,5211
1864,377,2277,728,2748
1865,4194,1408,618,1243
1866,3201,2245,1365,2696
1867,894,1730,1846,1139
1868,3149,440,290,4484
1869,1900,2096,1987,386
1870,1676,1537,913,3852
1871,532,2175,1976,7042
1872,2814,1369,36,6928
1873,921,577,659,5214
1874,2287,2656,975,6422
1875,4282,521,1474,1590
1876,2145,891,799,7600
1877,423,432,1910,5157
1878,1654,1563,704,2657
1879,311,2238,196,569
1880,3349,2966,1943,3557
1881,736,1265,1948,3600
1882,1439,2982,788,7480
1883,851,1647,1409,390
1884,4414,2308,1523,470
1885,55,305,35,2808
1886,2966,2239,1485,2287
1887,1720,99,577,3788
1888,4068,1011,1164,2567
1889,1600,1148,1134,3276
1890,4337,1827,721,2833
1891,2676,2283,594,1282
1892,2962,2235,591,797
1893,2813,2693,1772,4321
1894,2444,914,866,3506
1895,1136,484,1120,548
1896,3156,1313,724,6110
1897,2389,77,689,4278
1898,3957,1732,1843,3738
1899,3890,2637,1318,3965
1900,2550,656,1917,5656
1901,3903,2894,67,7384
1902,4106,1138,1926,5362
1903,1541,2397,1754,8707
1904,4710,2255,1449,4639
1905,4395,2399,1336,4570
1906,119,980,897,7339
1907,3036,2747,1757,1244
1908,2513,939,814,3028
1909,4375,2970,515,7713
1910,45,739,1836,7928
1911,378,264,1053,6539
1912,113,2640,920,2961
1913,2851,210,1038,888
1914,637,1105,1588,1615
1915,2935,229,1444,8226
1916,4047,1209,1648,6246
1917,3288,260,1122,7109
1918,426,1751,1263,5163
1919,2088,1334,1995,1294
1920,2117,1423,1685,6045
1921,987,2404,23,321
1922,1258,104,637,88
1923,4251,1472,286,3562
1924,2762,1586,1485,8376
1925,386,2941,1590,2616
1926,2903,400,1847,5889
1927,3021,738,1198,8146
1928,4423,1172,1089,3114
1929,2011,1806,433,1905
1930,1695,2819,1161,2891
1931,3835,1877,298,7508
1932,1714,6,557,2027
1933,4777,1625,1545,7488
1934,1919,731,1313,790
1935,2500,2701,984,847
1936,4619,19,1996,4949
1937,4731,2720,1154,5456
1938,986,1448,1756,7286
1939,3792,2847,1726,192
1940,1655,556,1154,2294
1941,1592,1211,1161,7993
1942,4840,797,421,3
1943,4872,584,1210,4719
1944,1028,1224,1009,465
1945,2118,92,1900,3288
1946,1499,2179,1753,5434
1947,4587,311,1854,1279
1948,4887,1113,1705,3044
1949,2254,622,1735,1070
1950,1090,2055,1397,2870
1951,4991,1872,343,7319
1952,4273,1116,136,6925
1953,482,2239,494,1201
1954,3899,2499,1449,5115
1955,944,2847,957,633
1956,2995,1804,1411,3076
1957,4378,1789,241,6886
1958,2081,2366,225,1684
1959,1445,851,1753,1560
1960,3047,2766,288,6514
1961,2162,870,1944,5395
1962,2614,2894,318,2293
1963,3091,2701,68,7541
1964,451,799,1711,790
1965,1434,254,998,7677
1966,3381,526,1511,369
1967,4123,455,793,3150
1968,1728,20,223,450
1969,682,393,1870,2625
1970,3837,860,1643,1256
1971,224,2679,1988,5166
1972,367,1244,1059,4710
1973,1696,1281,1828,4484
1974,3053,2319,1632,6302
1975,2041,1253,719,3419
1976,227,2882,1822,761
1977,4591,2581,1113,716
1978,99,2284,348,6864
1979,4010,2200,1126,7387
1980,527,516,1489,4103
1981,151,241,1471,7613
1982,4494,2249,1240,3871
1983,4220,2950,1221,7875
1984,3139,747,1443,2441
1985,3389,1441,803,5370
1986,4168,151,1204,6766
1987,872,1704,1583,167
1988,1124,708,338,4842
1989,434,2157,1410,5985
1990,4711,2494,1899,634
1991,642,1037,960,3481
1992,4977,1439,1317,7896
1993,1730,2128,159,6880
1994,1367,949,698,4978
1995,2626,594,1370,4024
1996,3163,140,1441,4950
1997,3656,2435,167,5971
1998,846,1086,1301,1324
1999,3901,806,933,7639
2000,2160,1577,1930,1423
2001,1020,954,1942,1238
2002,449,1104,1197,6799
2003,715,2497,1433,914
2004,1115,737,259,1896
2005,2771,2957,1702,5393
2006,3497,452,656,5690
2007,3891,534,429,3523
2008,1417,1173,146,497
2009,437,266,94,2788
2010,2012,663,1554,3539
2011,2392,948,1912,3062
2012,935,790,497,6582
2013,1620,1163,43,343
2014,843,239,1847,4514
2015,74,978,947,7389
2016,1540,1588,1310,7862
2017,4415,1409,1969,2835
2018,663,2335,1830,7623
2019,3485,1135,795,6599
2020,1527,191,229,6729
2021,4397,846,1628,8223
2022,449,2371,1018,2300
2023,1849,950,1527,5093
2024,4031,1538,958,1239
2025,4525,1684,745,4720
2026,1452,1832,124,4786
2027,4520,2147,1242,7443
2028,4156,160,545,7843
2029,1111,507,1782,2187
2030,210,1795,605,7447
2031,4499,1309,117,4479
2032,1898,1940,1311,3054
2033,3329,1792,1674,8181
2034,2891,676,286,710
2035,3869,1767,1240,6843
2036,3561,2500,342,8755
2037,3173,1459,1113,7193
2038,2559,1584,86,6313
2039,1339,2403,1938,7588
2040,2152,633,1408,6922
2041,3320,2340,1493,3116
2042,1334,903,1351,7547
2043,2028,230,1599,7461
2044,4901,1710,1246,8129
2045,2346,1463,468,372
2046,437,1160,502,6365
2047,4586,2539,634,8381
2048,3830,2710,963,3897
2049,286,2718,122,7208
2050,2166,2980,789,489
2051,4743,2077,636,439
2052,4242,2589,1647,6056
2053,2467,2589,931,6904
2054,2006,899,1951,852
2055,3277,791,1420,2245
2056,1253,2785,850,8261
2057,3582,824,465,5266
2058,4733,960,969,7019
2059,4984,916,1123,5122
2060,830,310,1806,4891
2061,3189,2490,1192,5148
2062,1133,2888,355,3007
2063,2482,426,1078,4145
2064,2067,2505,277,3690
2065,1783,270,1652,1090
2066,2791,773,1758,5944
2067,101,1403,284,2119
2068,4956,2980,12,6161
2069,374,1623,1369,7571
2070,3771,590,1592,5161
2071,1861,1482,794,23
2072,3641,2657,1952,6534
2073,1873,2886,71,5247
2074,3236,2364,880,5646
2075,938,974,597,4917
2076,477,609,1688,7620
2077,4052,356,1842,7046
2078,4621,2065,372,2892
2079,1874,605,464,2704
2080,650,425,1969,2180
2081,1728,2831,217,4473
2082,49,2264,799,3390
2083,4404,1493,347,8750
2084,998,2688,1730,1578
2085,2295,2256,1016,6995
2086,827,1962,705,104
2087,2391,1626,1554,7582
2088,4227,1004,704,1132
2089,2187,828,1819,5066
2090,1867,107,311,7530
2091,4352,2837,805,8630
2092,202,1084,1626,8553
2093,1230,2731,756,7782
2094,444,871,262,2131
2095,1903,1691,1452,15
2096,2502,628,636,7183
2097,993,2397,1132,1861
2098,1215,2344,247,4606
2099,649,2928,477,8408
2100,3481,2696,1015,5129
2101,2711,1418,1859,6504
2102,4327,276,548,7305
2103,1915,1411,1036,827
2104,4189,955,1631,4578
2105,3070,2729,1376,656
2106,4011,745,913,7135
2107,3519,685,1598,6955
2108,4973,600,109,486
2109,528,152,1757,6722
2110,2878,1758,49,2149
2111,2065,1481,1466,4430
2112,2791,1366,515,3658
2113,660,1889,1423,2920
2114,495,827,754,6306
2115,2632,891,1684,272
2116,245,2435,739,2413
2117,3861,54,1039,1634
2118,3912,2988,1610,1513
2119,719,624,522,4164
2120,1052,1737,552,8174
2121,2408,33,1249,5663
2122,987,2614,36,5238
2123,2908,2332,647,1228
2124,4195,2885,761,8674
2125,764,297,1880,1237
2126,3653,684,1610,4846
2127,2434,2239,1073,2887
2128,31,2147,1254,5246
2129,705,90,840,2816
2130,3196,1508,894,1223
2131,471,2066,593,4597
2132,985,934,514,8284
2133,2529,235,368,4235
2134,3576,2868,1466,8720
2135,3270,2116,1907,4172
2136,2087,2730,1489,3538
2137,4021,2322,24,1956
2138,495,102,759,5923
2139,2864,2365,170,3313
2140,4314,2950,478,8062
2141,3301,2372,666,5183
2142,2955,58,1275,6366
2143,4345,2758,884,1795
2144,3639,1646,899,2900
2145,2566,2725,713,7574
2146,3211,2964,1266,1769
2147,1107,1129,167,110
2148,298,936,417,8087
2149,1796,1861,130,8742
2150,4687,607,1288,5514
2151,776,2118,1355,8195
2152,3755,825,1392,3982
2153,3160,2333,19,2230
2154,3387,1759,365,3266
2155,4958,1753,1458,3619
2156,4126,485,626,6087
2157,3799,559,1354,224
2158,2305,2270,1919,4061
2159,4059,1558,360,8650
2160,1147,1379,343,4430
2161,3242,1553,1466,2666
2162,2759,2897,50,8531
2163,4811,907,881,5057
2164,1503,315,3,4063
2165,309,1171,238,5734
2166,4075,1858,1140,548
2167,1970,1114,1913,8193
2168,4879,2196,69,7689
2169,2939,1638,907,255
2170,942,1962,451,3561
2171,3962,102,1469,5845
2172,1729,578,706,6432
2173,885,2919,119,144
2174,1,2770,1655,2868
2175,732,1832,1437,2789
2176,2434,1350,1773,8276
2177,4883,1092,1588,3856
2178,64,2282,1531,2332
2179,3958,1201,1426,1684
2180,3420,1155,1523,7745
2181,2076,2240,1774,7014
2182,1282,633,1759,1396
2183,3684,1375,1639,6198
2184,4206,2583,1636,5283
2185,1364,960,1051,5439
2186,1916,1699,245,4793
2187,1997,19,1556,1871
2188,273,2282,4,7434
2189,3722,867,1154,6775
2190,4610,2443,843,6842
2191,3984,2877,898,4343
2192,142,1533,1851,2365
2193,941,2281,60,2771
2194,1030,208,231,3005
2195,2126,638,1210,7489
2196,1848,1289,976,6050
2197,587,200,45,3327
2198,2793,956,1374,4810
2199,1154,1686,1512,4905
2200,3195,2232,766,5598
2201,4288,27,492,2405
2202,4558,642,1582,5508
2203,492,393,1040,464
2204,3732,1479,49,6154
2205,3795,2695,1163,8696
2206,4419,2445,256,6997
2207,1952,1608,1674,3116
2208,2929,775,1876,4556
2209,4848,2136,1599,1100
2210,4269,2505,1542,5634
2211,3601,913,1905,6413
2212,1137,457,3,2226
2213,614,1257,557,2404
2214,1877,594,624,6611
2215,3715,1849,1380,1625
2216,3059,1595,1906,7972
2217,3560,1462,1545,5853
2218,1392,1883,961,619
2219,2529,2735,1993,5724
2220,835,1914,1981,7091
2221,1044,2009,1939,4757
2222,2241,2079,1794,4431
2223,2344,124,582,979
2224,969,1807,753,4365
2225,4614,320,221,8554
2226,1363,1886,1691,7639
2227,1345,1590,1932,1231
2228,4761,2930,1971,2913
2229,368,1523,351,207
2230,3430,35,1180,6257
2231,2030,2426,1328,67
2232,2995,1834,1913,2529
2233,2802,485,1422,2444
2234,4860,2112,1767,2315
2235,2639,1305,351,8492
2236,3843,2956,601,2027
2237,4308,2666,1842,5211
2238,413,225,63,7366
2239,2743,2120,1423,4325
2240,1102,2088,1523,8023
2241,694,98,741,138
2242,3318,1718,1263,7152
2243,12,713,1919,7264
2244,2180,1226,896,4143
2245,4448,2064,997,1294
2246,2449,2080,1591,2720
2247,886,1016,1894,7982
2248,3237,1179,877,2034
2249,3884,2090,997,8476
2250,4539,929,1293,5253
2251,1461,2329,126,5424
2252,4913,2203,1295,3316
2253,3696,1999,1915,4577
2254,3334,1169,811,5720
2255,3697,2951,1585,3107
2256,1063,322,777,1806
2257,133,1140,511,7521
2258,120,2486,529,2303
2259,2692,473,628,3955
2260,3235,2390,771,1469
2261,4363,347,729,3285
2262,4401,1483,973,7918
2263,3146,285,1735,8431
2264,4260,2668,1042,2093
2265,3644,2330,1711,4526
2266,3201,1788,1072,188
2267,1289,1502,167,3877
2268,241,1949,1142,7572
2269,283,1892,99,6666
2270,1779,1146,5,2769
2271,3349,1656,1651,7046
2272,2284,2091,1080,3193
2273,2683,452,569,6006
2274,3390,2330,571,4060
2275,4918,702,1191,3456
2276,683,1893,897,2199
2277,1502,2454,438,7091
2278,3167,2389,1266,962
2279,1903,2741,1282,5093
2280,3795,2416,1120,3201
2281,4643,502,1774,7306
2282,4142,2919,1441,1061
2283,3217,2984,1133,1521
2284,4111,1973,572,6418
2285,1506,718,1376,3674
2286,3654,1509,1109,3298
2287,2058,587,342,1504
2288,3123,1382,1842,5892
2289,1339,496,1157,1045
2290,2697,2787,1074,7307
2291,4409,2250,812,8565
2292,2773,1943,123,2567
2293,2116,2578,1586,6860
2294,2796,264,1206,7571
2295,2524,1153,45,1207
2296,4578,1270,59,1302
2297,1502,790,1127,1861
2298,1615,358,1741,3937
2299,1168,1601,1097,7966
2300,855,1522,546,5735
2301,3593,2806,1629,1315
2302,2454,2227,1234,3484
2303,2629,2216,428,4631
2304,2378,466,908,8534
2305,1416,572,298,4395
2306,499,138,1872,1333
2307,4825,2019,1117,1248
2308,3520,2276,697,3978
2309,463,18,808,7750
2310,2776,565,667,1967
2311,10,348,505,6964
2312,3206,1476,1323,6185
2313,700,1715,1319,3198
2314,4103,1710,1829,8297
2315,1161,1784,643,5845
2316,4367,1477,1871,2957
2317,3810,1455,433,2692
2318,2330,754,1937,946
2319,4899,464,1002,1461
2320,2444,2050,1035,5055
2321,2642,1883,1569,4394
2322,4565,1075,826,7361
2323,165,670,1472,4892
2324,3771,2248,175,1856
2325,3662,204,1979,3631
2326,3247,857,1852,5922
2327,2627,293,401,3912
2328,2283,154,558,3412
2329,1363,504,1504,7442
2330,4395,2511,48,1368
2331,2646,881,327,1599
2332,846,2240,525,8074
2333,3276,746,707,2954
2334,286,2400,1495,2344
2335,2469,1001,1757,8529
2336,3827,532,1258,3420
2337,71,660,1757,658
2338,4744,131,83,6512
2339,3020,2483,703,122
2340,4609,2091,1255,6852
2341,4434,1463,73,5154
2342,63,1651,534,3416
2343,1157,967,607,4606
2344,1132,2568,109,7097
2345,2049,739,1025,313
2346,1662,1897,1298,4553
2347,2251,89,220,3597
2348,3648,1936,698,8132
2349,717,1177,1796,7446
2350,3635,2235,598,2713
2351,4805,1956,237,5422
2352,4520,2465,369,8018
2353,2282,2913,732,1805
2354,1517,1542,1630,3254
2355,2699,1261,1122,6751
2356,1055,834,1587,595
2357,2496,1650,847,7373
2358,3484,2054,1280,3630
2359,2554,1485,512,1426
2360,1941,138,1130,1436
2361,4071,712,1644,8603
2362,3241,131,1378,79
2363,4690,1871,385,8285
2364,754,1804,61,7064
2365,426,867,679,2856
2366,1520,1134,695,7869
2367,1559,1192,1202,8442
2368,608,686,89,7681
2369,4782,1697,191,7285
2370,4437,1411,1275,2906
2371,4223,874,105,5371
2372,4792,2527,266,6798
2373,3685,1002,1470,8687
2374,2602,1633,1910,2214
2375,3116,967,884,5159
2376,1821,2128,1753,323
2377,3552,2972,988,3973
2378,4038,2486,720,860
2379,1934,2308,950,5960
2380,1740,822,985,1318
2381,4577,1105,440,1478
2382,3360,2640,1649,6254
2383,1923,2691,1869,6870
2384,3327,925,1536,462
2385,3684,312,109,5645
2386,375,2469,1898,3383
2387,2446,164,623,2362
2388,2395,2209,495,5114
2389,2336,1435,1013,6713
2390,259,2689,655,1807
2391,810,610,1710,8606
2392,850,1282,1188,7600
2393,3167,1107,1708,2821
2394,4047,512,13,6367
2395,1705,2692,1236,8014
2396,3062,540,631,341
2397,3699,801,798,8107
2398,1442,973,878,8072
2399,2934,97,1058,2676
2400,3975,2463,1517,3680
2401,3613,1703,1823,2719
2402,256,2605,1425,69
2403,1385,1410,196,85
2404,1927,2487,106,1280
2405,4002,1075,978,4363
2406,1673,481,1451,5689
2407,2174,1942,796,1236
2408,4229,1562,292,3558
2409,4911,2832,814,1591
2410,4614,955,582,7803
2411,4522,3,626,4337
2412,3676,1884,1687,4677
2413,2239,1855,1936,3371
2414,299,1633,761,8475
2415,2760,1702,1541,7027
2416,27,1143,1682,3948
2417,1427,298,1217,4490
2418,3322,733,908,4842
2419,491,2468,630,6214
2420,3798,2059,16,8585
2421,329,40,50,6924
2422,3569,2789,1807,1063
2423,2378,125,1319,3293
2424,633,2199,1795,5607
2425,1481,20,344,4062
2426,2787,2140,679,4733
2427,4851,2783,663,7129
2428,4092,1779,1312,1377
2429,4639,505,263,7303
2430,3450,228,25,7475
2431,1339,1727,1145,6280
2432,695,608,66,681
2433,650,1881,1978,8650
2434,1503,1750,1174,8485
2435,1724,924,376,159
2436,1470,635,292,1732
2437,1495,1497,1321,8280
2438,866,967,807,6367
2439,894,971,1588,1035
2440,3700,2099,445,8620
2441,4668,1281,785,7149
2442,447,1771,1779,5016
2443,794,2056,1895,1977
2444,2845,2083,696,7514
2445,3156,1207,1087,6762
2446,1171,2586,752,1605
2447,2958,1416,1031,7743
2448,3697,918,21,1583
2449,1958,2101,1185,2809
2450,1529,1026,1820,1927
2451,860,1620,1379,3615
2452,1070,2811,1206,7610
2453,1346,2130,1881,7644
2454,751,2894,1512,5435
2455,2406,56,727,264
2456,2296,1208,1539,5405
2457,2573,58,373,6948
2458,2572,2417,34,8746
2459,3926,1153,207,7832
2460,1147,1148,769,7794
2461,3570,1566,838,3535
2462,3478,2056,1370,6477
2463,3185,2106,432,3480
2464,2683,1563,1032,4842
2465,1885,712,1633,3043
2466,1012,2728,3,5744
2467,1142,547,1049,2663
2468,4949,540,1058,936
2469,4891,1871,1817,7287
2470,482,1519,1225,5321
2471,3539,1974,1182,4736
2472,2850,1098,1072,6767
2473,2283,748,1179,4902
2474,815,2883,1016,1939
2475,2124,642,1198,237
2476,2134,103,282,2712
2477,4656,1047,1223,2701
2478,756,2106,520,605
2479,3371,1473,1624,8358
2480,71,800,698,2695
2481,2641,234,204,5463
2482,3445,968,167,8206
2483,2652,2262,1503,3834
2484,1342,2956,1126,6681
2485,3227,1973,1789,7588
2486,1140,1242,820,7332
2487,4274,904,1012,4999
2488,1074,2879,1670,4010
2489,1435,2382,909,6393
2490,1654,2434,1252,7304
2491,3258,2152,145,8326
2492,4234,2884,1133,1742
2493,1508,1313,776,512
2494,4434,2249,550,1352
2495,1304,2841,429,5636
2496,2798,641,1525,6829
2497,3551,1136,1366,1934
2498,3784,2021,1727,1013
2499,2058,1136,1540,5148
2500,3773,1855,186,6070
2501,2540,1862,615,7961
2502,2236,1618,1701,624
2503,817,2262,219,2979
2504,3508,1103,674,2430
2505,4761,714,1156,3738
2506,4433,1078,1833,4825
2507,3697,1323,253,8085
2508,3876,656,1704,3690
2509,3318,1364,587,6935
2510,1916,1436,1347,2547
2511,3631,2306,467,2582
2512,2988,422,916,7267
2513,3668,2571,933,6268
2514,2944,1137,1043,5947
2515,3384,2181,298,3110
2516,1750,1867,409,7216
2517,2433,1633,1899,4067
2518,4037,2212,1987,6364
2519,1711,2065,1641,5777
2520,4998,1885,895,6313
2521,1638,2716,1863,858
2522,4717,2554,939,5370
2523,3237,1730,1793,5002
2524,2400,2653,1053,8278
2525,2734,200,1648,8348
2526,2388,2984,265,6920
2527,4044,667,1877,2894
2528,3820,337,1427,6979
2529,3673,1494,631,7065
2530,3598,1327,874,8510
2531,1804,540,42,6733
2532,2294,925,859,670
2533,2360,915,1575,2152
2534,890,1408,1842,1891
2535,2361,661,874,1828
2536,2485,1222,1836,6543
2537,2386,2870,1666,5452
2538,1462,666,1494,1397
2539,1027,624,324,8420
2540,177,1787,557,1338
2541,4439,2282,980,6793
2542,1699,1197,169,8406
2543,2787,1021,222,3711
2544,3438,2284,971,7978
2545,3182,816,1580,1781
2546,4927,1507,1217,244
2547,976,2846,1691,2721
2548,1577,2342,711,6691
2549,3986,2105,960,1107
2550,1310,37,927,4107
2551,4876,370,549,6313
2552,2465,1508,552,7112
2553,2388,1065,1996,3943
2554,2386,270,1849,4488
2555,873,2032,1063,4704
2556,142,671,1621,991
2557,4044,1299,1529,227
2558,2490,1624,1644,1768
2559,34,1195,1705,8201
2560,979,2284,1176,6986
2561,1906,2903,1499,7578
2562,2616,2129,1736,1670
2563,731,364,96,1245
2564,3334,2186,1720,3181
2565,599,1490,1720,1362
2566,4582,1308,1559,7514
2567,175,1487,420,7773
2568,4544,706,443,7375
2569,1294,792,690,4326
2570,2582,1597,1365,4925
2571,3645,835,1949,2877
2572,2864,1818,470,7512
2573,3323,1288,346,8294
2574,1255,729,1145,3810
2575,164,307,1779,6837
2576,4860,1824,892,677
2577,821,2653,1881,1228
2578,790,2592,1078,1065
2579,224,2620,405,4277
2580,3364,1881,621,552
2581,4479,1774,700,6793
2582,2574,2655,1768,4383
2583,360,2351,602,3545
2584,4946,984,1159,1775
2585,379,2109,97,4307
2586,3859,2444,1993,5668
2587,4461,2264,1577,7104
2588,2441,250,1788,754
2589,2770,2891,1966,3739
2590,3834,1494,183,5329
2591,874,1668,1355,4868
2592,4837,795,257,1513
2593,2334,2068,1119,1028
2594,4154,2568,196,296
2595,4264,566,894,5557
2596,9,363,1177,7073
2597,2797,2078,673,5682
2598,258,222,1425,3307
2599,4145,1841,724,4325
2600,4741,1845,459,6124
2601,3142,1402,1543,8141
2602,813,2616,1989,2511
2603,4665,1915,591,6819
2604,2632,1645,427,7367
2605,1489,1378,484,199
2606,3239,1874,1832,8586
2607,2206,2922,1750,3457
2608,1079,870,961,7368
2609,2374,2031,983,8744
2610,102,331,181,507
2611,4337,2472,634,2230
2612,1846,595,420,6615
2613,1469,1133,936,5734
2614,1049,2887,1668,2065
2615,679,892,1198,5744
2616,4801,965,833,910
2617,3940,1287,967,2913
2618,3933,2969,808,1308
2619,2247,245,269,2755
2620,1091,418,1784,6659
2621,1898,1610,1271,802
2622,3191,2752,1628,5035
2623,2357,446,1436,4831
2624,4296,2924,1215,6182
2625,1040,2198,1016,643
2626,1832,2754,483,4462
2627,3842,468,976,6621
2628,673,1626,1381,672
2629,352,1475,779,3790
2630,4596,657,1787,6384
2631,1581,567,337,4447
2632,549,2996,214,5600
2633,3674,175,379,2791
2634,3349,88,847,7974
2635,2932,540,1842,2743
2636,2727,2636,1107,2970
2637,1721,2633,1084,7062
2638,1638,1924,362,6925
2639,637,103,928,7386
2640,3409,2957,1705,6643
2641,1219,1012,430,7825
2642,3016,2112,1145,30
2643,2252,1181,280,6932
2644,4188,1419,1877,4523
2645,2573,2814,798,3519
2646,4196,958,247,8229
2647,3178,17,82,7114
2648,4507,2016,1706,202
2649,1053,2810,1257,4098
2650,673,2039,1133,3954
2651,920,1167,643,2199
2652,2282,180,532,2317
2653,2631,1859,354,3593
2654,820,2773,512,1634
2655,1924,1404,207,4319
2656,2056,54,398,3522
2657,1957,1530,1990,6175
2658,612,2997,1609,3777
2659,3864,1694,527,7015
2660,943,711,999,1702
2661,1554,2798,1598,5548
2662,505,175,741,7599
2663,3082,504,174,871
2664,3900,2852,439,4973
2665,271,2911,1866,78
2666,3715,1220,347,8611
2667,995,2044,838,4072
2668,4638,294,888,6225
2669,427,2713,342,6652
2670,468,1583,819,4942
2671,432,439,802,8709
2672,1474,1046,594,1563
2673,1813,2802,1364,7189
2674,440,2313,378,1229
2675,4221,1291,343,2745
2676,1460,52,266,8394
2677,619,1279,597,6445
2678,4800,1799,695,4706
2679,1452,316,1700,714
2680,3677,552,127,975
2681,2552,1230,585,5225
2682,278,3,383,6029
2683,917,1124,71,6954
2684,2521,2329,200,1397
2685,1342,229,1270,1991
2686,1863,1319,333,4981
2687,1294,1017,1353,5794
2688,3823,400,229,7402
2689,3761,673,863,6661
2690,4044,1059,870,1267
2691,3354,1544,40,4618
2692,742,1315,655,1159
2693,3205,1073,447,1953
2694,500,1730,1900,2319
2695,1955,156,1181,1885
2696,672,2672,1301,5358
2697,560,1032,1307,4520
2698,3800,2034,1089,1681
2699,4706,185,428,6382
2700,3291,235,688,6057
2701,1169,2394,51,5739
2702,846,399,864,2601
2703,1079,573,1683,4110
2704,3119,679,1752,1526
2705,4477,350,1004,1106
2706,3313,1462,70,466
2707,1273,1249,1519,250
2708,2944,1860,1255,165
2709,3680,2881,120,3804
2710,4411,514,1244,7852
2711,1924,2298,1656,7626
2712,2878,1019,1591,8298
2713,1007,1591,222,5323
2714,4458,1927,941,6457
2715,3989,2838,958,2510
2716,4395,222,1006,331
2717,1936,546,1518,216
2718,259,334,2000,3076
2719,800,2648,796,7282
2720,3335,2381,1045,6621
2721,386,2969,1573,3106
2722,1378,2026,163,147
2723,4667,164,930,3649
2724,4416,145,908,103
2725,948,2655,1338,3225
2726,2834,1120,866,1933
2727,1616,1601,152,633
2728,4593,354,44,2366
2729,2637,251,1214,5048
2730,4715,1414,612,3497
2731,4108,182,1000,8482
2732,957,1254,1669,4746
2733,3952,1501,112,4041
2734,4346,2389,1891,5428
2735,1725,2533,1591,3289
2736,612,2137,1774,5602
2737,2092,2002,897,6153
2738,916,2530,1146,28
2739,488,1459,717,752
2740,282,293,247,3123
2741,1022,1595,787,367
2742,990,2938,661,1576
2743,2747,548,55,5595
2744,4959,2797,193,1890
2745,172,2707,1402,3155
2746,1927,335,813,714
2747,3209,977,605,4815
2748,588,11,745,228
2749,1865,2885,1788,2460
2750,3332,2222,1246,7785
2751,4642,106,826,614
2752,2558,264,1074,4119
2753,4601,201,1084,495
2754,3474,1688,1041,5744
2755,1000,2678,1026,685
2756,4512,1168,1497,4515
2757,1802,2922,600,281
2758,3036,1233,15,6292
2759,3806,2939,409,8629
2760,4061,2053,330,1471
2761,2793,1646,1631,7561
2762,3536,2735,1095,447
2763,1488,1113,1260,12
2764,3433,1332,1796,2447
2765,4873,200,1081,8689
2766,3039,2589,628,2427
2767,4731,1420,1394,4957
2768,3060,765,661,4476
2769,319,286,336,3223
2770,3476,519,457,5081
2771,3823,2688,1878,755
2772,4281,1893,1274,6297
2773,2783,1487,292,3405
2774,4821,1593,573,1573
2775,2844,125,1743,2853
2776,574,1618,956,1793
2777,3278,2142,1741,949
2778,1107,2542,1027,1491
2779,2240,1119,22,5559
2780,3861,125,1975,6385
2781,1952,569,1122,8379
2782,4413,2383,220,8486
2783,1299,2856,1707,2074
2784,1732,1627,263,1632
2785,235,176,442,4321
2786,3292,1878,974,5490
2787,572,2230,1353,6530
2788,1072,1250,411,6612
2789,2196,2496,1229,7956
2790,228,595,1239,8381
2791,760,2184,641,6450
2792,4247,1615,348,3964
2793,1896,2652,1148,8133
2794,1317,2891,1521,1225
2795,3783,1357,428,2900
2796,2481,2783,211,6252
2797,2673,1306,1508,2279
2798,304,1089,782,4259
2799,3057,699,1195,187
2800,827,428,712,3117
2801,3782,2622,1836,4103
2802,4592,932,292,4404
2803,1546,352,1512,6209
2804,523,1559,2000,5953
2805,4773,2198,809,6655
2806,1200,2801,1845,875
2807,4964,2975,72,6341
2808,1238,622,694,6992
2809,1827,179,1264,1985
2810,4803,62,244,6521
2811,2664,18,974,5794
2812,2092,2422,979,6760
2813,3816,1705,1108,5263
2814,2908,1130,1281,8026
2815,2109,2598,1190,3321
2816,1728,28,1793,2279
2817,4791,876,1371,811
2818,3385,725,1778,3972
2819,4601,2541,1111,2681
2820,2330,1207,1347,2666
2821,4796,1468,643,503
2822,3949,767,1220,5256
2823,2615,804,1280,5887
2824,4517,777,932,4476
2825,4889,305,1717,3785
2826,2603,1382,1628,7868
2827,675,629,1708,836
2828,4563,1785,1651,5861
2829,744,364,603,4267
2830,4417,1919,149,2616
2831,4203,1578,1574,1871
2832,1758,90,346,7545
2833,4714,1830,1155,5402
2834,319,501,1652,5285
2835,2271,1368,40,3390
2836,2361,921,1016,3989
2837,4497,1153,1084,2811
2838,2426,573,1139,6971
2839,4458,2183,1652,2246
2840,4914,2009,586,2481
2841,268,882,1388,7925
2842,1408,2558,1815,3101
2843,704,1318,1974,3383
2844,4135,1575,1530,8533
2845,4960,335,889,8359
2846,1400,2446,651,6449
2847,333,2676,821,609
2848,2528,727,276,7169
2849,2028,1058,1458,230
2850,2723,1116,1652,5497
2851,3813,2326,101,6596
2852,3357,1444,1683,3281
2853,616,369,1791,136
2854,4007,1702,987,3628
2855,2518,2834,1717,5243
2856,3282,2706,227,971
2857,16,1879,295,4691
2858,1540,1729,675,7596
2859,3641,1937,1742,2676
2860,4573,75,1209,345
2861,663,252,1435,2163
2862,1228,2759,643,2200
2863,3603,2480,323,8109
2864,775,176,216,8653
2865,1592,962,1551,5994
2866,1017,1744,1152,2049
2867,3715,1198,205,1650
2868,1518,2918,647,1203
2869,3660,421,54,616
2870,4995,2253,199,4433
2871,1585,1858,1043,3426
2872,621,562,724,1072
2873,4832,2225,456,5913
2874,713,490,1990,5538
2875,3466,1373,364,4777
2876,617,2205,1056,4839
2877,2154,2273,1362,5557
2878,3845,1699,851,2024
2879,1114,1553,1272,3215
2880,1417,1336,1206,5586
2881,1054,2896,1233,1621
2882,2884,379,1850,8472
2883,1651,2029,588,5359
2884,102,2015,13,8129
2885,1335,2480,1896,3531
2886,4169,1194,217,3607
2887,2440,588,264,1483
2888,4327,511,1315,6026
2889,1971,118,1324,5358
2890,396,127,561,1503
2891,4009,949,1966,5257
2892,1006,1035,146,2074
2893,3445,767,423,2530
2894,3875,134,849,2354
2895,2603,1511,832,604
2896,733,1442,1650,7132
2897,1514,514,495,7559
2898,2136,973,1988,2961
2899,958,74,380,4169
2900,2945,251,407,1496
2901,1145,2138,1385,4911
2902,1541,847,874,8449
2903,407,17,768,4021
2904,3980,355,153,4233
2905,391,1742,328,8298
2906,4560,2114,1847,2219
2907,4576,1171,1857,3513
2908,74,2195,428,3877
2909,122,982,202,5256
2910,273,2935,1860,1730
2911,706,2529,540,3357
2912,4405,832,1224,8530
2913,2781,737,938,853
2914,675,821,45,4395
2915,1369,19,1751,7857
2916,1367,771,1414,3891
2917,4008,2770,1543,8161
2918,3265,1153,30,3808
2919,2707,976,86,7766
2920,2793,378,54,1692
2921,3788,2996,185,7871
2922,3405,158,834,5123
2923,2731,2637,958,2513
2924,3565,2817,261,1250
2925,1048,881,429,8345
2926,4073,1136,1855,6409
2927,709,198,141,6526
2928,4137,1908,497,7597
2929,1187,462,1289,8313
2930,433,798,1853,1176
2931,2908,2938,55,3774
2932,689,2653,1462,6848
2933,4940,1237,1675,1487
2934,4772,143,1280,3654
2935,3006,1026,458,2569
2936,2337,2088,1712,8234
2937,1665,2001,581,1240
2938,211,1010,1106,109
2939,4100,776,1685,4319
2940,1652,1459,1674,1986
2941,540,1983,945,5951
2942,1510,1170,1266,3934
2943,776,2608,445,2638
2944,3403,1107,1644,4771
2945,3854,1958,1361,6052
2946,3764,454,1362,8597
2947,4885,179,1609,1577
2948,647,679,316,1954
2949,579,921,892,7686
2950,282,2911,1604,4435
2951,3275,1374,884,3961
2952,4904,603,1086,3708
2953,1109,1432,563,7617
2954,2716,1086,753,8464
2955,2101,2660,682,7545
2956,4538,1426,923,6363
2957,2272,1415,241,7761
2958,1112,642,1689,5714
2959,3044,681,175,7397
2960,267,1580,1495,3198
2961,2928,83,573,2774
2962,3980,2162,1133,7064
2963,3409,2639,1208,5293
2964,3377,2581,1477,462
2965,3718,2009,1135,8162
2966,567,1689,904,6927
2967,3604,682,1177,5658
2968,1574,58,265,2420
2969,4006,2878,850,7353
2970,3318,2402,1136,7877
2971,4141,1114,1933,4706
2972,4719,2234,1953,1911
2973,232,2389,1758,8079
2974,4185,2475,1303,2313
2975,3640,2881,470,5035
2976,4503,2378,306,6404
2977,4007,2349,514,3096
2978,4947,1898,1909,6
2979,2982,1013,7,1783
2980,4958,2231,988,746
2981,172,1365,231,976
2982,4786,2910,1148,8511
2983,2694,1069,1659,2663
2984,107,773,1873,2710
2985,779,1135,1231,6443
2986,2524,2723,1045,8595
2987,2508,2928,725,5584
2988,322,2443,298,3049
2989,415,2464,218,5249
2990,945,1647,61,8457
2991,4831,402,545,6021
2992,1838,1350,1314,5342
2993,1676,2535,935,3157
2994,742,2423,857,8339
2995,4407,930,1296,8413
2996,3292,297,328,7133
2997,2472,1265,1129,5238
2998,3135,2482,1217,1698
2999,537,2215,160,683
3000,113,2568,1167,6378
3001,3562,717,1433,4496
3002,1221,291,783,1679
3003,4790,1910,53,4544
3004,3511,1300,1642,545
3005,3168,889,65,5669
3006,4981,1657,489,1840
3007,2262,2487,354,297
3008,4029,932,32,1095
3009,744,257,1654,6369
3010,825,780,1957,5226
3011,2070,88,1789,1706
3012,123,2553,606,2526
3013,273,96,210,8132
3014,2243,641,1004,2288
3015,75,2313,665,909
3016,4159,2862,1039,6457
3017,2539,2638,1240,2504
3018,4744,1798,692,386
3019,4574,1916,234,1242
3020,1752,1272,225,1108
3021,3169,438,524,988
3022,3442,2826,1650,8209
3023,485,2613,984,4976
3024,887,785,144,6817
3025,2139,1404,340,1126
3026,1957,2882,859,1582
3027,2398,2013,664,2758
3028,950,1019,1947,2962
3029,4325,2880,670,2671
3030,4933,1109,328,4326
3031,3629,2163,555,5237
3032,2284,971,1464,4092
3033,3354,2614,1702,6598
3034,2835,427,1016,5641
3035,1093,87,1943,3125
3036,3659,192,470,2856
3037,4392,2330,849,5396
3038,2438,796,1172,1904
3039,1564,2024,586,369
3040,1540,2721,889,1655
3041,2690,2239,2000,363
3042,2065,2678,673,8114
3043,2485,24,1620,3653
3044,3542,623,1686,8628
3045,3870,69,64,5994
3046,4569,46,1355,6408
3047,2970,439,869,488
3048,3318,659,766,1712
3049,3630,1374,910,7399
3050,4594,528,1298,5954
3051,564,1721,1914,6649
3052,4280,77,1713,8200
3053,1143,2031,1086,712
3054,2172,98,957,267
3055,2554,2566,708,4576
3056,165,1568,1349,6508
3057,468,1175,453,3347
3058,3257,2423,465,5733
3059,1998,549,1034,2894
3060,4857,1577,150,4858
3061,3580,2835,1949,7580
3062,3130,1838,920,4328
3063,139,1552,1613,6233
3064,2095,1108,264,7166
3065,4209,743,1048,1113
3066,4552,517,195,8724
3067,4356,988,845,1928
3068,4069,708,1106,2486
3069,2269,2712,1086,4854
3070,888,1651,1149,8320
3071,4201,1469,1196,6016
3072,571,1235,1756,2132
3073,3508,297,1752,6203
3074,887,2295,1624,7600
3075,3999,1089,1092,4052
3076,3533,2511,155,2592
3077,2838,1845,123,5769
3078,4056,1907,796,7617
3079,4025,1708,576,4447
3080,187,1264,320,3134
3081,3840,1657,247,4747
3082,1200,563,1378,7778
3083,3190,2652,1215,1583
3084,2630,1566,171,2880
3085,3262,2220,1836,7088
3086,2561,1904,1600,5353
3087,4140,1781,204,2118
3088,2066,556,829,2209
3089,3558,907,961,2738
3090,3151,1699,1139,4105
3091,3679,1554,1501,3758
3092,3945,2784,544,4409
3093,351,271,1127,6870
3094,4093,2354,212,4167
3095,1689,1928,1146,4906
3096,1830,2206,225,3035
3097,3554,1555,418,2968
3098,3968,2246,250,6798
3099,2586,1246,679,3322
3100,2323,2802,1134,1216
3101,3589,2972,260,8592
3102,1211,1918,1524,2990
3103,2750,906,1681,2338
3104,1271,2276,424,1761
3105,1671,71,395,3852
3106,4188,1330,506,1432
3107,451,2047,862,3397
3108,163,1416,736,4039
3109,4498,2376,300,4986
3110,725,1345,1372,8164
3111,4663,2387,1822,1383
3112,2527,1617,1707,1085
3113,4670,367,77,3817
3114,2939,1627,1666,5688
3115,1272,1992,1884,7818
3116,3970,1726,1745,1860
3117,4597,2572,231,1183
3118,3127,2497,1638,1317
3119,2502,1104,1175,40
3120,2111,2086,1273,3355
3121,4375,2416,1673,2365
3122,1113,1530,1875,2334
3123,2049,2903,411,7020
3124,4881,1455,1058,8590
3125,4042,1076,1877,1238
3126,1381,2089,1580,8194
3127,1273,2574,1848,7342
3128,4894,1939,373,1931
3129,4496,1205,529,1839
3130,727,610,1130,8533
3131,792,1691,679,2014
3132,4111,2797,1849,7893
3133,3516,243,883,1489
3134,2707,2396,1993,7324
3135,1992,2686,1323,2257
3136,3530,897,607,3608
3137,290,1616,1096,7305
3138,4979,450,1073,6062
3139,3816,2906,78,5220
3140,4554,2037,1345,5342
3141,1680,435,3,5307
3142,3642,1702,1795,4500
3143,2612,622,1540,4993
3144,1705,736,79,251
3145,2129,2483,1341,5397
3146,2566,2342,1465,1833
3147,2560,227,375,3234
3148,2014,1163,1665,7672
3149,1877,777,652,8037
3150,6,1556,1822,1206
3151,4354,423,617,3781
3152,4722,1960,1809,89
3153,3153,569,755,8751
3154,1268,2774,1414,7486
3155,3502,2185,701,8482
3156,2793,852,128,2227
3157,4399,14,1147,5776
3158,2296,57,749,563
3159,3740,1423,1681,3290
3160,683,1863,804,3226
3161,2346,526,761,860
3162,4885,539,1925,1393
3163,2372,2662,167,5492
3164,334,821,1226,5880
3165,2703,263,432,5870
3166,2547,81,844,5514
3167,522,1813,1538,8298
3168,2123,2470,1283,7105
3169,3330,606,1563,1436
3170,1500,950,1657,2377
3171,2233,172,1904,1962
3172,2181,2976,1049,3759
3173,4380,653,164,2044
3174,4539,1577,684,4406
3175,2768,2254,1131,3567
3176,2511,1956,464,985
3177,3326,2118,1102,6616
3178,2564,2699,1097,93
3179,3384,1856,194,3916
3180,3557,1565,1904,6544
3181,4603,267,1577,2987
3182,4905,2194,1153,8472
3183,3292,1015,273,3028
3184,588,1715,94,3859
3185,2820,1142,1724,1818
3186,465,1204,1409,5110
3187,123,93,196,567
3188,1224,891,803,2152
3189,4541,1840,1562,6552
3190,20,453,993,3873
3191,4249,2009,745,6976
3192,293,1764,284,3208
3193,2372,3000,933,8286
3194,4722,290,1654,5613
3195,3635,418,1358,1993
3196,2539,2071,455,787
3197,4816,1465,1675,4814
3198,518,2408,912,3987
3199,4502,777,397,2104
3200,430,2635,1526,3980
3201,1423,2153,1049,5178
3202,2319,1080,355,3080
3203,4146,1556,1031,7910
3204,1984,2678,813,3450
3205,2217,1192,80,3834
3206,369,687,1839,4229
3207,1404,66,1780,20
3208,2084,274,458,6061
3209,2680,190,1404,4200
3210,690,723,1424,2213
3211,2605,2414,1690,558
3212,1388,2091,232,6440
3213,2248,127,1667,3870
3214,1868,2089,355,5571
3215,2352,481,1792,4828
3216,1294,2690,677,6587
3217,2368,2641,68,6317
3218,2839,1535,1352,2343
3219,362,372,1079,7484
3220,900,1140,1710,1690
3221,4271,622,459,6989
3222,2076,1847,1469,4613
3223,2102,473,544,4721
3224,4459,5,451,5003
3225,4529,830,1361,3064
3226,1579,1069,1381,4233
3227,311,378,603,886
3228,2557,2000,1311,7272
3229,2457,2084,1243,5299
3230,3966,2519,999,4824
3231,822,2219,235,5933
3232,1870,1167,1911,430
3233,3370,1712,1302,7045
3234,2241,2479,596,5354
3235,852,241,1372,8012
3236,796,1776,1755,8353
3237,2684,2606,293,6877
3238,219,1291,1999,3541
3239,2400,2426,1946,510
3240,4516,339,136,7483
3241,3069,182,1336,7569
3242,3534,2133,1468,8551
3243,3007,1904,1667,1456
3244,241,2516,1984,8746
3245,4980,1060,1770,7762
3246,3696,1123,973,4033
3247,4597,407,1501,2566
3248,657,1952,1111,6507
3249,3841,2059,171,1767
3250,1092,2919,907,6231
3251,3169,1233,200,2767
3252,931,1065,1306,7303
3253,2252,736,155,6771
3254,4361,2789,747,4054
3255,2332,307,1902,127
3256,2055,1823,502,8077
3257,2071,2472,1580,4049
3258,3235,348,1395,1965
3259,3290,2932,727,2449
3260,41,1816,1826,2170
3261,544,783,1973,7920
3262,1116,2612,80,5093
3263,3828,2991,1951,5493
3264,4939,914,1881,3137
3265,4669,783,371,2157
3266,1661,1465,307,2568
3267,1481,214,1094,5041
3268,1025,1075,1342,2475
3269,1992,1667,1361,5026
3270,4675,1368,1383,4669
3271,4168,371,291,6426
3272,506,1919,1666,3774
3273,2808,1073,1210,1468
3274,1530,2526,1171,5018
3275,1936,1139,247,4665
3276,788,2705,975,1640
3277,4567,861,256,395
3278,4044,2124,1116,5739
3279,1292,2627,701,5151
3280,2423,1982,185,2173
3281,207,73,1834,387
3282,621,1344,212,7316
3283,3016,739,1801,7712
3284,2188,1351,1267,5023
3285,2437,1258,746,6558
3286,1495,758,209,5703
3287,3949,947,1288,8478
3288,4437,1761,560,2842
3289,1599,2391,461,7365
3290,4012,1027,420,7390
3291,2515,1137,1873,4777
3292,4330,2554,373,2837
3293,2175,2600,680,8240
3294,909,1041,1031,690
3295,2546,854,513,7213
3296,2886,1232,184,312
3297,2966,1564,1342,1369
3298,2959,425,1018,6182
3299,3382,2331,1018,4690
3300,920,2841,666,439
3301,2400,2652,1111,669
3302,2646,2788,1064,2956
3303,2711,924,1453,6279
3304,3292,2361,1840,5454
3305,3152,1179,1343,922
3306,1043,1015,1399,6655
3307,4253,2409,107,1751
3308,2864,1510,519,5637
3309,2103,94,448,5336
3310,4527,189,1265,4455
3311,2533,362,421,237
3312,445,1593,1524,391
3313,1755,1144,1379,8643
3314,3450,126,655,8648
3315,4349,976,1772,6772
3316,1306,1190,346,5510
3317,1373,1382,1195,1981
3318,510,1702,354,4748
3319,3068,2981,940,3967
3320,697,865,1236,6829
3321,4774,1555,752,4575
3322,4311,1816,489,4155
3323,2325,668,956,244
3324,2429,2755,926,6657
3325,3186,2702,483,3910
3326,1719,1814,1166,4817
3327,1167,788,492,6242
3328,3345,1198,1612,4736
3329,3466,1113,1489,7161
3330,976,1122,918,7423
3331,1736,1552,1055,7981
3332,3804,883,528,360
3333,3874,1211,1156,5831
3334,2594,454,247,2472
3335,3072,1288,1696,2707
3336,3223,557,824,5580
3337,3762,2276,449,6145
3338,3970,531,1120,379
3339,3124,1493,1652,3720
3340,3638,520,1715,4904
3341,2732,732,705,454
3342,3955,2409,1748,8130
3343,2290,2242,1311,4352
3344,1907,55,1904,3858
3345,1480,420,1337,2986
3346,1258,2374,1419,1210
3347,606,888,842,3828
3348,3893,2097,376,3329
3349,2093,2490,1498,846
3350,101,2122,1193,867
3351,1777,780,1333,7355
3352,3101,423,1881,896
3353,2661,1123,1239,8290
3354,3709,2579,1816,1805
3355,3160,414,473,6741
3356,467,2044,628,3004
3357,4080,470,546,483
3358,1069,1630,183,8292
3359,1934,2550,593,7501
3360,692,2543,1639,4195
3361,1949,1524,833,2060
3362,1887,1636,826,7722
3363,4654,2355,1966,1242
3364,4618,1631,1976,947
3365,4782,812,1028,5679
3366,2596,2698,977,5249
3367,2684,629,1647,4207
3368,1197,1964,1441,5250
3369,1580,1658,1068,6668
3370,674,1931,278,7632
3371,4493,2413,1302,4957
3372,533,2430,1056,4289
3373,798,2850,1741,3383
3374,2600,2219,1286,7496
3375,4254,2410,496,5106
3376,4476,732,834,232
3377,4516,1937,1161,7965
3378,4587,2575,112,2082
3379,1208,375,305,7035
3380,4346,1283,99,7349
3381,4468,2104,136,4766
3382,3045,1330,1174,2234
3383,4526,2204,356,3899
3384,2325,2071,744,5960
3385,1840,2403,1952,4486
3386,1881,79,560,1802
3387,3283,2303,738,1010
3388,2966,1996,707,1177
3389,4961,2672,1222,7820
3390,467,2749,1693,4013
3391,456,2210,532,1841
3392,1681,1968,616,7280
3393,2018,2505,1134,3352
3394,1338,2485,851,6119
3395,3556,2494,1764,6022
3396,2862,2806,534,8145
3397,3213,1497,1702,2655
3398,1311,2924,67,5728
3399,1925,1228,830,2229
3400,672,1581,73,583
3401,219,425,1332,2685
3402,410,1793,1460,2374
3403,4292,1145,1113,5504
3404,3795,2350,1640,8503
3405,220,96,1155,2876
3406,3955,904,421,7645
3407,1643,1265,1453,8006
3408,4485,1929,200,1646
3409,1606,1375,1252,7909
3410,2479,2179,402,8462
3411,4153,288,120,600
3412,2739,42,614,6453
3413,3995,2666,109,3113
3414,856,2967,751,1118
3415,1757,1765,31,6085
3416,2934,2511,8,2220
3417,3913,2829,1013,4792
3418,4775,2240,1621,5453
3419,2963,2258,1776,683
3420,1454,2921,618,184
3421,901,2055,1840,6187
3422,230,1971,969,5748
3423,4606,2109,288,8537
3424,4280,1715,154,4380
3425,151,1545,649,8713
3426,1798,2631,571,4034
3427,2868,2722,1510,8373
3428,1538,114,633,1863
3429,1407,2283,1043,4255
3430,3653,2693,1220,3398
3431,2309,2184,1299,2012
3432,654,2607,729,1743
3433,4428,2114,1921,2448
3434,4498,1800,1058,7589
3435,1109,1034,977,7436
3436,3231,1414,1913,3500
3437,1301,2004,307,7120
3438,3693,969,883,1608
3439,734,2827,1295,5849
3440,124,1946,148,666
3441,3747,2390,1160,248
3442,2993,2003,997,6099
3443,3895,2832,1842,7790
3444,3758,532,1727,3782
3445,1792,1529,1421,4109
3446,1431,2119,33,3322
3447,3194,2078,1212,4371
3448,1450,2283,954,1943
3449,3453,1266,373,2700
3450,2255,1376,1209,6623
3451,3541,1449,1546,5351
3452,1069,1490,87,4905
3453,3405,1091,1753,2677
3454,4663,39,1186,5436
3455,3536,2031,539,3352
3456,981,688,1873,6122
3457,2690,99,432,6678
3458,3445,2589,318,3901
3459,3489,2605,1049,4321
3460,558,1509,1205,7897
3461,2084,2276,1849,4478
3462,1509,945,597,6894
3463,4291,2178,1240,3879
3464,2608,1217,1015,1868
3465,2435,2746,1533,7863
3466,468,629,204,6865
3467,1444,2921,898,4166
3468,3520,2651,1792,1741
3469,1031,1904,1341,42
3470,177,2721,1363,2488
3471,1375,2039,719,3312
3472,4522,2694,423,6328
3473,4849,2373,1985,1818
3474,3708,605,174,143
3475,4673,2350,1164,4556
3476,1542,22,1713,5789
3477,4901,2401,1759,4585
3478,3246,2998,10,4530
3479,2743,48,568,866
3480,1465,1851,553,1657
3481,753,2869,1026,8326
3482,3740,2086,1927,6842
3483,3773,1863,356,6725
3484,1028,2804,1146,6355
3485,3516,2660,1253,3902
3486,670,2178,559,1310
3487,1647,1988,638,6092
3488,2198,620,975,6661
3489,4288,2453,1864,7726
3490,4131,2302,1948,3034
3491,3539,846,892,2179
3492,4107,16,1391,7769
3493,2350,328,31,4993
3494,4343,2317,789,52
3495,1508,490,1725,2976
3496,1932,648,1483,3757
3497,1751,568,1919,6928
3498,4941,1850,1968,4590
3499,1051,1273,521,3623
3500,2617,1320,1537,2589
3501,4656,2507,1289,7000
3502,756,1559,1837,2342
3503,2364,1542,1283,2505
3504,1010,1605,1617,3175
3505,3560,507,277,8033
3506,643,1117,1871,8261
3507,2183,1818,1149,6880
3508,4432,1665,1248,7113
3509,310,2536,539,164
3510,3815,526,957,8635
3511,1542,1061,220,5701
3512,3924,880,1782,773
3513,3328,1575,1456,2856
3514,1911,1096,422,546
3515,2615,2066,1074,4731
3516,2116,1972,796,6234
3517,3177,1497,1628,1413
3518,83,701,477,147
3519,1541,1997,1458,5139
3520,568,2808,1697,1059
3521,4204,1409,224,864
3522,1825,553,1326,1592
3523,4153,1363,1256,3347
3524,1802,2317,260,6934
3525,4891,908,1721,5774
3526,1652,2614,1224,954
3527,4430,2368,1904,4848
3528,4310,1601,1827,7118
3529,3693,899,1135,3723
3530,3233,217,1759,8508
3531,4203,745,570,5053
3532,2466,2741,395,2198
3533,3056,785,1810,5162
3534,1217,2248,1566,5820
3535,2813,2664,999,2933
3536,1378,1677,1308,7632
3537,701,2703,325,5280
3538,684,2518,1466,1045
3539,2182,1476,1572,8574
3540,3478,1913,761,106
3541,1988,1135,681,3607
3542,4062,303,462,2198
3543,4439,1588,113,3440
3544,2706,2686,865,6719
3545,46,1086,255,6855
3546,4074,1792,1322,3768
3547,2964,2433,1205,8079
3548,1624,2980,1924,6815
3549,2620,2010,1522,462
3550,4284,2185,1238,4065
3551,2108,2362,964,8680
3552,1889,37,583,1932
3553,2780,2081,866,7197
3554,835,1571,1211,5388
3555,545,2689,1607,833
3556,610,2505,1762,971
3557,3179,630,292,2402
3558,780,2083,1966,5785
3559,1295,568,835,5242
3560,4691,1330,1392,2447
3561,2152,2771,1041,6992
3562,37,1968,5,8399
3563,1965,2608,1107,1393
3564,371,1800,1337,3861
3565,2759,2191,1120,1278
3566,1094,639,275,5944
3567,4659,666,1953,1199
3568,3775,1384,1818,6505
3569,3921,209,1903,3178
3570,2925,733,845,744
3571,1203,2234,1807,1499
3572,523,63,851,7505
3573,4008,1276,977,7817
3574,2572,257,813,1072
3575,3858,199,180,5137
3576,4737,64,1983,4039
3577,3646,579,589,1079
3578,2142,2841,1529,4997
3579,2554,2990,651,4429
3580,2470,559,539,683
3581,4645,420,762,8451
3582,4911,77,129,3760
3583,1288,291,168,1988
3584,33,9,1040,3361
3585,3946,1318,1026,194
3586,4439,1262,307,1717
3587,2713,2594,1490,506
3588,3300,41,1140,3390
3589,2256,337,1600,4396
3590,4779,233,498,8686
3591,422,569,1672,2413
3592,3590,2160,374,4196
3593,1691,51,798,1442
3594,3199,2952,204,3117
3595,238,169,1911,4955
3596,2521,2854,920,5530
3597,1553,518,1959,3557
3598,991,2713,1186,4665
3599,415,2681,1268,3295
3600,3596,1150,1080,8410
3601,2835,752,1809,4480
3602,4357,2041,149,6063
3603,461,282,842,1422
3604,2919,1234,10,2155
3605,676,2286,516,7425
3606,3431,2381,668,278
3607,3623,1053,1295,5043
3608,4929,2280,594,6460
3609,2980,904,38,2337
3610,2241,690,770,6414
3611,2347,2148,433,899
3612,673,692,180,891
3613,3030,827,1442,6905
3614,77,362,703,8087
3615,2741,1843,1147,2013
3616,3895,2310,650,4732
3617,3358,2043,879,5723
3618,3960,1900,661,6442
3619,3206,2441,930,3775
3620,1386,2433,1735,1326
3621,1717,750,1740,6785
3622,4825,593,374,7035
3623,3510,2442,1494,7387
3624,2260,2781,1079,7031
3625,1140,2174,1560,2921
3626,4516,2436,950,930
3627,3123,2663,92,6788
3628,1165,2052,494,4778
3629,3721,213,1049,1720
3630,4671,2323,1908,2465
3631,1177,2331,878,7759
3632,4556,2636,1201,1441
3633,2433,2645,613,7313
3634,29,1783,1309,5625
3635,3711,526,1864,8044
3636,67,2352,1735,1772
3637,1224,1428,3,3813
3638,737,1776,1230,4169
3639,742,2388,1602,1900
3640,2233,1762,17,44
3641,1686,1237,1128,1709
3642,1071,1555,53,6596
3643,1301,2835,496,5150
3644,1410,328,1086,5677
3645,2157,2631,1245,349
3646,283,2935,746,710
3647,3381,1790,536,7294
3648,3330,1524,462,3318
3649,3603,241,1895,3779
3650,1047,2013,251,2374
3651,1847,2546,702,2660
3652,3103,2352,927,3360
3653,2926,2506,496,947
3654,2699,1557,1665,3399
3655,1310,438,1406,6675
3656,3833,408,1839,6079
3657,4196,890,1544,7892
3658,912,2919,1368,7214
3659,480,2215,711,5956
3660,2584,2218,1826,8229
3661,2371,2885,1152,6490
3662,3955,2874,1874,3954
3663,934,1451,927,5507
3664,3979,471,371,5495
3665,3379,601,1567,4554
3666,2185,1559,305,456
3667,2871,1240,796,5340
3668,4493,1206,990,3849
3669,1103,2194,111,8382
3670,3539,1793,774,7060
3671,3721,2182,842,1998
3672,250,2086,883,339
3673,1085,1864,414,3236
3674,2131,2648,1784,2809
3675,4772,1886,1059,4236
3676,1363,1199,165,7617
3677,1039,2903,1823,3788
3678,2642,798,126,6516
3679,1077,94,4,8288
3680,3449,115,1853,8417
3681,2241,1577,1309,3260
3682,1280,2562,579,6899
3683,2796,1993,84,4089
3684,176,278,1728,349
3685,4634,2695,1751,7068
3686,924,1281,184,7496
3687,4108,1514,1009,1872
3688,3563,1754,1824,7102
3689,1407,1490,533,6983
3690,1670,1205,1268,1733
3691,1902,2418,1292,5907
3692,3422,956,813,5110
3693,4417,520,1289,2410
3694,4914,2159,1719,3759
3695,3345,176,101,3617
3696,1052,226,1527,6206
3697,1408,1859,940,6541
3698,3178,1352,800,3748
3699,243,2365,82,1501
3700,2505,2144,792,4939
3701,2516,817,621,604
3702,2251,327,483,960
3703,1556,901,488,1406
3704,339,1435,36,897
3705,677,2282,850,4626
3706,4105,2321,611,8094
3707,4638,1727,129,3170
3708,935,94,546,3433
3709,4209,2811,1826,1798
3710,3802,771,688,6353
3711,4257,2829,948,5542
3712,4572,1894,929,4285
3713,15,1023,441,6748
3714,1555,848,451,501
3715,1336,2141,1906,681
3716,3816,2397,1287,5800
3717,2097,1070,1091,3100
3718,1064,1519,1643,4800
3719,24,1720,283,6920
3720,3925,581,492,8275
3721,2090,2516,1126,1688
3722,3236,2737,1303,2069
3723,2265,1033,534,3177
3724,904,902,1066,1209
3725,4712,1409,56,5587
3726,2733,432,1065,2098
3727,3472,1882,1648,3566
3728,3713,1288,1568,6180
3729,248,901,805,6315
3730,64,1369,1533,106
3731,2352,1684,1283,1924
3732,2923,1062,1405,6618
3733,2212,720,1589,878
3734,1008,2440,1184,2645
3735,1276,2636,299,3825
3736,3429,2792,1455,806
3737,3510,357,675,1043
3738,769,2889,1470,3430
3739,4223,2306,189,6298
3740,2343,2643,73,7747
3741,4620,1732,797,1623
3742,3796,1974,1059,8319
3743,1010,1164,533,8342
3744,338,51,329,5910
3745,1560,1672,1937,2194
3746,4947,492,471,5908
3747,4251,1908,609,4283
3748,183,566,1608,1814
3749,1160,2474,1283,4893
3750,2899,226,1165,7258
3751,43,2712,124,7360
3752,2578,2540,750,2412
3753,3946,520,333,7664
3754,75,2437,1424,584
3755,3692,2629,1521,5397
3756,2943,2451,289,3481
3757,2215,2592,1764,292
3758,3826,2024,374,3311
3759,4507,2835,125,4533
3760,732,594,396,1872
3761,1508,1333,247,4771
3762,2056,243,660,4653
3763,2763,2288,475,6815
3764,415,1594,318,380
3765,3065,1905,1769,1060
3766,2354,2121,246,7697
3767,2770,1403,1572,7771
3768,85,1537,1118,3070
3769,1004,1713,67,6352
3770,79,1795,1491,636
3771,2737,1269,1792,6872
3772,2033,1622,1503,5437
3773,1714,1492,54,5964
3774,4209,545,1239,184
3775,1633,2516,280,926
3776,2283,323,576,6489
3777,364,981,1828,8334
3778,841,2325,274,3068
3779,3713,1724,1667,5894
3780,2547,1905,1047,7167
3781,385,2440,701,6699
3782,4453,813,211,1385
3783,2260,619,1362,2590
3784,3780,1964,1360,313
3785,4406,1419,937,7607
3786,4673,2743,218,4293
3787,2887,1899,1808,3090
3788,4754,443,1752,4370
3789,2714,1544,1328,3625
3790,4375,1174,1443,1527
3791,1258,1012,406,1312
3792,1472,2428,1280,6527
3793,627,2722,1945,7416
3794,3565,2928,780,8426
3795,688,2779,35,4263
3796,3457,168,329,3083
3797,1636,2896,105,3998
3798,4825,2093,1749,4195
3799,1217,2583,555,5031
3800,811,2917,1576,7988
3801,1113,1663,992,8242
3802,3826,1514,364,839
3803,166,2745,14,3299
3804,571,1073,1609,2017
3805,1544,2305,1338,2255
3806,2777,1277,1771,6022
3807,740,1295,354,1958
3808,597,1150,1799,5559
3809,1395,1454,261,7562
3810,4893,1907,1664,2955
3811,1852,1020,1431,8177
3812,3764,2336,1945,4490
3813,4862,1989,35,8197
3814,2026,2128,1434,3419
3815,1057,1229,356,2475
3816,3066,949,1908,2634
3817,4616,2696,1194,1501
3818,1250,2046,714,8300
3819,2869,1274,304,7283
3820,3364,75,282,3791
3821,3426,457,1800,2759
3822,2634,1033,1676,8469
3823,4222,2007,827,5126
3824,671,1227,885,3850
3825,324,2149,776,3827
3826,279,2063,58,2776
3827,1599,412,1964,6707
3828,1668,479,763,2346
3829,187,2077,175,3357
3830,2732,2490,665,275
3831,3434,752,1160,3862
3832,947,2553,682,8623
3833,2925,478,542,7692
3834,928,1385,1472,3123
3835,1875,193,1913,2312
3836,1209,2020,327,6747
3837,1572,2816,1826,2984
3838,4346,647,1087,3798
3839,2209,2393,456,7355
3840,30,1006,600,8369
3841,3807,2229,1288,5025
3842,1131,2709,385,5269
3843,3798,1653,625,1885
3844,2760,2954,1670,3842
3845,3823,651,1818,7717
3846,4645,589,897,7069
3847,557,1497,490,7891
3848,1753,1441,71,3229
3849,4614,2053,353,3302
3850,1418,2706,841,4283
3851,2242,2901,1241,1206
3852,181,1672,1557,6176
3853,788,2556,584,3379
3854,3075,63,1972,2363
3855,2416,895,633,8542
3856,2772,685,218,1855
3857,2415,1641,1265,2401
3858,2449,1249,222,8765
3859,2196,134,1319,26
3860,2178,1825,1955,2753
3861,984,1449,79,5473
3862,1353,2030,802,5209
3863,1899,1024,326,5826
3864,960,2999,256,5565
3865,3622,2158,1932,783
3866,781,940,835,8617
3867,750,1352,102,6177
3868,448,2488,1351,4511
3869,4536,778,786,8145
3870,1462,372,1030,2004
3871,3790,658,1565,3661
3872,4380,503,1445,1925
3873,1292,2219,1536,2493
3874,3345,2707,987,1443
3875,1874,2409,700,6186
3876,1322,1627,751,4198
3877,2242,117,1077,6226
3878,842,2993,869,5362
3879,1381,578,1420,2275
3880,4030,9,482,428
3881,2812,484,1523,1037
3882,2967,1578,600,2592
3883,3293,2197,266,5275
3884,1637,1565,1611,2440
3885,2350,256,704,6964
3886,2100,2713,88,249
3887,3355,2398,993,8085
3888,2544,2194,271,8594
3889,711,2420,625,3317
3890,4355,1727,1355,7795
3891,4702,1183,878,5687
3892,2268,2354,1519,3044
3893,3196,619,947,8087
3894,1377,1057,536,4426
3895,1681,661,271,5352
3896,4026,1612,1651,1531
3897,4244,1553,260,1030
3898,1419,2571,153,4376
3899,2383,2149,1459,2006
3900,3228,1332,12,7535
3901,3458,341,1101,3364
3902,3526,1141,1820,2794
3903,1478,899,478,7526
3904,210,139,308,981
3905,2364,1807,1305,1577
3906,1581,2762,466,4056
3907,2045,1906,683,2789
3908,1688,869,1059,7064
3909,1994,1025,448,903
3910,4307,2340,609,2384
3911,3331,2051,1732,53
3912,384,2471,64,2159
3913,717,212,166,4099
3914,2816,2434,692,4196
3915,552,975,265,1031
3916,23,269,784,6388
3917,1923,1511,147,3625
3918,324,1571,1352,2477
3919,3876,1305,1712,6688
3920,3997,845,539,484
3921,4232,821,1923,2498
3922,1863,988,1659,6374
3923,2514,2770,800,4605
3924,2588,1545,1248,6585
3925,3537,2292,1777,5749
3926,1522,1112,752,3860
3927,3779,666,808,8701
3928,2403,280,658,8545
3929,2333,2112,1277,3775
3930,814,2470,386,4243
3931,2253,43,657,2623
3932,4974,1413,299,7141
3933,79,2419,339,1016
3934,2068,853,1239,344
3935,2892,713,1128,6814
3936,2719,1153,670,3527
3937,1433,1136,464,3672
3938,2776,1481,1314,5545
3939,4133,470,1572,3393
3940,709,1139,179,3831
3941,1313,2968,312,4383
3942,1559,150,270,5428
3943,1301,1465,1383,2499
3944,578,349,15,325
3945,1928,190,324,1927
3946,4240,355,1095,4053
3947,3014,1070,1960,1571
3948,4120,1039,1564,5962
3949,4667,1260,130,6610
3950,1124,2112,848,654
3951,2527,1033,1394,6825
3952,4514,2547,314,2796
3953,3509,2736,650,8036
3954,391,2323,113,6264
3955,3934,379,130,7586
3956,2478,2771,1562,4842
3957,2887,2259,1043,596
3958,2350,1184,1672,2233
3959,777,2348,1204,7709
3960,3673,2422,50,1903
3961,1694,799,843,138
3962,3081,162,985,885
3963,3262,2058,881,2502
3964,4272,2678,743,2429
3965,3183,2864,304,1847
3966,3139,1990,1002,959
3967,2126,806,622,3491
3968,2841,908,776,3446
3969,2529,1329,722,7681
3970,4920,1461,1142,5177
3971,2546,1809,1467,6179
3972,4222,1070,568,4352
3973,1459,2782,1785,251
3974,285,2593,110,1157
3975,1054,2093,749,3176
3976,2692,94,1781,1580
3977,2899,2057,222,8035
3978,690,2736,1703,3593
3979,1849,202,291,8381
3980,1702,1306,1426,5811
3981,3381,2672,666,2262
3982,878,2878,1397,3327
3983,2862,1,1489,7264
3984,1561,978,804,7374
3985,1517,254,1286,2660
3986,2858,2912,1934,7648
3987,3388,1121,1037,428
3988,1685,996,1543,5028
3989,3206,618,681,7056
3990,3251,79,1858,8274
3991,2596,40,1349,702
3992,1883,329,898,21
3993,2106,1921,937,1329
3994,3062,714,45,8061
3995,2862,2271,148,7243
3996,2503,788,1439,3804
3997,796,2474,533,4809
3998,1474,286,384,6626
3999,4032,1349,574,5137
4000,2349,1933,257,7288
